-3.0,0.0,nan
-3.0,0.1,nan
-3.0,0.2,nan
-3.0,0.3,nan
-3.0,0.4,nan
-3.0,0.5,nan
-3.0,0.6,nan
-3.0,0.7,nan
-3.0,0.8,nan
-3.0,0.9,nan
-3.0,1.0,0.0
-3.0,1.1,0.0
-3.0,1.2,0.0
-3.0,1.3,0.0
-3.0,1.4,0.0
-3.0,1.5,6.896551724137931
-3.0,1.6,6.666666666666667
-3.0,1.7,33.333333333333336
-3.0,1.8,21.11111111111111
-3.0,1.9,18.0
-3.0,2.0,25.925925925925927
-2.9,0.0,nan
-2.9,0.1,nan
-2.9,0.2,nan
-2.9,0.3,nan
-2.9,0.4,nan
-2.9,0.5,nan
-2.9,0.6,nan
-2.9,0.7,nan
-2.9,0.8,nan
-2.9,0.9,nan
-2.9,1.0,0.0
-2.9,1.1,0.0
-2.9,1.2,0.0
-2.9,1.3,0.0
-2.9,1.4,0.0
-2.9,1.5,14.893617021276595
-2.9,1.6,10.0
-2.9,1.7,22.78481012658228
-2.9,1.8,27.272727272727273
-2.9,1.9,38.62068965517241
-2.9,2.0,35.11904761904762
-2.8,0.0,nan
-2.8,0.1,nan
-2.8,0.2,nan
-2.8,0.3,nan
-2.8,0.4,nan
-2.8,0.5,nan
-2.8,0.6,nan
-2.8,0.7,nan
-2.8,0.8,nan
-2.8,0.9,nan
-2.8,1.0,nan
-2.8,1.1,nan
-2.8,1.2,0.0
-2.8,1.3,0.0
-2.8,1.4,14.285714285714286
-2.8,1.5,10.638297872340425
-2.8,1.6,10.344827586206897
-2.8,1.7,22.5
-2.8,1.8,22.22222222222222
-2.8,1.9,28.333333333333332
-2.8,2.0,41.040462427745666
-2.7,0.0,nan
-2.7,0.1,nan
-2.7,0.2,nan
-2.7,0.3,nan
-2.7,0.4,nan
-2.7,0.5,nan
-2.7,0.6,nan
-2.7,0.7,nan
-2.7,0.8,0.0
-2.7,0.9,nan
-2.7,1.0,0.0
-2.7,1.1,0.0
-2.7,1.2,0.0
-2.7,1.3,7.6923076923076925
-2.7,1.4,3.7037037037037037
-2.7,1.5,10.869565217391305
-2.7,1.6,10.0
-2.7,1.7,20.192307692307693
-2.7,1.8,35.294117647058826
-2.7,1.9,30.76923076923077
-2.7,2.0,31.35135135135135
-2.6,0.0,nan
-2.6,0.1,nan
-2.6,0.2,nan
-2.6,0.3,nan
-2.6,0.4,nan
-2.6,0.5,nan
-2.6,0.6,nan
-2.6,0.7,nan
-2.6,0.8,nan
-2.6,0.9,0.0
-2.6,1.0,0.0
-2.6,1.1,0.0
-2.6,1.2,0.0
-2.6,1.3,10.714285714285714
-2.6,1.4,11.11111111111111
-2.6,1.5,13.235294117647058
-2.6,1.6,14.925373134328359
-2.6,1.7,26.495726495726494
-2.6,1.8,30.508474576271187
-2.6,1.9,37.5
-2.6,2.0,42.20183486238532
-2.5,0.0,nan
-2.5,0.1,nan
-2.5,0.2,nan
-2.5,0.3,nan
-2.5,0.4,nan
-2.5,0.5,nan
-2.5,0.6,nan
-2.5,0.7,nan
-2.5,0.8,nan
-2.5,0.9,nan
-2.5,1.0,0.0
-2.5,1.1,0.0
-2.5,1.2,0.0
-2.5,1.3,0.0
-2.5,1.4,5.128205128205129
-2.5,1.5,8.860759493670885
-2.5,1.6,22.33009708737864
-2.5,1.7,22.01834862385321
-2.5,1.8,36.81318681318681
-2.5,1.9,38.37837837837838
-2.5,2.0,45.73991031390135
-2.4,0.0,nan
-2.4,0.1,nan
-2.4,0.2,nan
-2.4,0.3,nan
-2.4,0.4,nan
-2.4,0.5,nan
-2.4,0.6,nan
-2.4,0.7,0.0
-2.4,0.8,0.0
-2.4,0.9,0.0
-2.4,1.0,0.0
-2.4,1.1,0.0
-2.4,1.2,0.0
-2.4,1.3,5.2631578947368425
-2.4,1.4,8.928571428571429
-2.4,1.5,16.666666666666668
-2.4,1.6,21.05263157894737
-2.4,1.7,27.00729927007299
-2.4,1.8,40.331491712707184
-2.4,1.9,40.0
-2.4,2.0,47.24409448818898
-2.3,0.0,nan
-2.3,0.1,nan
-2.3,0.2,nan
-2.3,0.3,nan
-2.3,0.4,nan
-2.3,0.5,nan
-2.3,0.6,nan
-2.3,0.7,nan
-2.3,0.8,nan
-2.3,0.9,0.0
-2.3,1.0,0.0
-2.3,1.1,0.0
-2.3,1.2,3.5714285714285716
-2.3,1.3,8.571428571428571
-2.3,1.4,13.333333333333334
-2.3,1.5,27.0
-2.3,1.6,25.384615384615383
-2.3,1.7,33.333333333333336
-2.3,1.8,36.36363636363637
-2.3,1.9,46.666666666666664
-2.3,2.0,45.736434108527135
-2.2,0.0,nan
-2.2,0.1,nan
-2.2,0.2,nan
-2.2,0.3,nan
-2.2,0.4,nan
-2.2,0.5,nan
-2.2,0.6,nan
-2.2,0.7,nan
-2.2,0.8,nan
-2.2,0.9,0.0
-2.2,1.0,0.0
-2.2,1.1,11.11111111111111
-2.2,1.2,3.4482758620689653
-2.2,1.3,19.607843137254903
-2.2,1.4,22.22222222222222
-2.2,1.5,26.73267326732673
-2.2,1.6,23.66412213740458
-2.2,1.7,35.467980295566505
-2.2,1.8,34.65346534653465
-2.2,1.9,46.52173913043478
-2.2,2.0,53.69774919614148
-2.1,0.0,nan
-2.1,0.1,nan
-2.1,0.2,nan
-2.1,0.3,nan
-2.1,0.4,nan
-2.1,0.5,nan
-2.1,0.6,nan
-2.1,0.7,nan
-2.1,0.8,20.0
-2.1,0.9,0.0
-2.1,1.0,0.0
-2.1,1.1,0.0
-2.1,1.2,2.7777777777777777
-2.1,1.3,19.29824561403509
-2.1,1.4,23.655913978494624
-2.1,1.5,33.56643356643357
-2.1,1.6,25.0
-2.1,1.7,37.68115942028985
-2.1,1.8,33.81642512077295
-2.1,1.9,51.74603174603175
-2.1,2.0,53.08641975308642
-2.0,0.0,nan
-2.0,0.1,nan
-2.0,0.2,nan
-2.0,0.3,nan
-2.0,0.4,nan
-2.0,0.5,nan
-2.0,0.6,nan
-2.0,0.7,nan
-2.0,0.8,0.0
-2.0,0.9,0.0
-2.0,1.0,0.0
-2.0,1.1,0.0
-2.0,1.2,23.529411764705884
-2.0,1.3,15.384615384615385
-2.0,1.4,26.73267326732673
-2.0,1.5,29.496402877697843
-2.0,1.6,28.834355828220858
-2.0,1.7,39.269406392694066
-2.0,1.8,44.32234432234432
-2.0,1.9,47.93650793650794
-2.0,2.0,54.891304347826086
-1.9,0.0,nan
-1.9,0.1,nan
-1.9,0.2,nan
-1.9,0.3,nan
-1.9,0.4,nan
-1.9,0.5,nan
-1.9,0.6,nan
-1.9,0.7,nan
-1.9,0.8,0.0
-1.9,0.9,0.0
-1.9,1.0,0.0
-1.9,1.1,11.11111111111111
-1.9,1.2,6.779661016949152
-1.9,1.3,16.091954022988507
-1.9,1.4,23.275862068965516
-1.9,1.5,32.0
-1.9,1.6,37.755102040816325
-1.9,1.7,45.16129032258065
-1.9,1.8,42.36641221374046
-1.9,1.9,53.385416666666664
-1.9,2.0,57.6837416481069
-1.8,0.0,nan
-1.8,0.1,nan
-1.8,0.2,nan
-1.8,0.3,nan
-1.8,0.4,nan
-1.8,0.5,nan
-1.8,0.6,nan
-1.8,0.7,nan
-1.8,0.8,0.0
-1.8,0.9,0.0
-1.8,1.0,7.407407407407407
-1.8,1.1,11.363636363636363
-1.8,1.2,20.224719101123597
-1.8,1.3,16.666666666666668
-1.8,1.4,33.70786516853933
-1.8,1.5,36.170212765957444
-1.8,1.6,44.06130268199234
-1.8,1.7,44.91803278688525
-1.8,1.8,48.78787878787879
-1.8,1.9,57.31414868105516
-1.8,2.0,61.23348017621145
-1.7,0.0,nan
-1.7,0.1,nan
-1.7,0.2,nan
-1.7,0.3,nan
-1.7,0.4,nan
-1.7,0.5,nan
-1.7,0.6,nan
-1.7,0.7,0.0
-1.7,0.8,0.0
-1.7,0.9,0.0
-1.7,1.0,2.6315789473684212
-1.7,1.1,10.526315789473685
-1.7,1.2,19.387755102040817
-1.7,1.3,21.367521367521366
-1.7,1.4,33.125
-1.7,1.5,42.924528301886795
-1.7,1.6,45.80152671755725
-1.7,1.7,50.689655172413794
-1.7,1.8,54.94505494505494
-1.7,1.9,59.401709401709404
-1.7,2.0,67.27272727272727
-1.6,0.0,nan
-1.6,0.1,nan
-1.6,0.2,nan
-1.6,0.3,nan
-1.6,0.4,nan
-1.6,0.5,nan
-1.6,0.6,nan
-1.6,0.7,0.0
-1.6,0.8,14.285714285714286
-1.6,0.9,2.857142857142857
-1.6,1.0,8.0
-1.6,1.1,10.447761194029852
-1.6,1.2,22.04724409448819
-1.6,1.3,31.690140845070424
-1.6,1.4,35.32608695652174
-1.6,1.5,39.04382470119522
-1.6,1.6,45.54455445544554
-1.6,1.7,54.54545454545455
-1.6,1.8,54.20792079207921
-1.6,1.9,65.70327552986512
-1.6,2.0,70.21943573667711
-1.5,0.0,nan
-1.5,0.1,nan
-1.5,0.2,nan
-1.5,0.3,nan
-1.5,0.4,nan
-1.5,0.5,nan
-1.5,0.6,0.0
-1.5,0.7,0.0
-1.5,0.8,0.0
-1.5,0.9,5.128205128205129
-1.5,1.0,10.526315789473685
-1.5,1.1,18.94736842105263
-1.5,1.2,28.45528455284553
-1.5,1.3,35.02824858757062
-1.5,1.4,43.24324324324324
-1.5,1.5,48.17275747508306
-1.5,1.6,51.59235668789809
-1.5,1.7,57.48792270531401
-1.5,1.8,62.31884057971015
-1.5,1.9,63.059701492537314
-1.5,2.0,66.03448275862068
-1.4,0.0,nan
-1.4,0.1,nan
-1.4,0.2,nan
-1.4,0.3,nan
-1.4,0.4,nan
-1.4,0.5,0.0
-1.4,0.6,0.0
-1.4,0.7,0.0
-1.4,0.8,8.695652173913043
-1.4,0.9,12.76595744680851
-1.4,1.0,16.883116883116884
-1.4,1.1,25.0
-1.4,1.2,29.37062937062937
-1.4,1.3,36.81818181818182
-1.4,1.4,44.15094339622642
-1.4,1.5,43.728813559322035
-1.4,1.6,56.5
-1.4,1.7,58.737864077669904
-1.4,1.8,60.834990059642145
-1.4,1.9,66.14310645724258
-1.4,2.0,67.65676567656766
-1.3,0.0,nan
-1.3,0.1,nan
-1.3,0.2,nan
-1.3,0.3,nan
-1.3,0.4,nan
-1.3,0.5,nan
-1.3,0.6,nan
-1.3,0.7,0.0
-1.3,0.8,2.857142857142857
-1.3,0.9,15.714285714285714
-1.3,1.0,21.818181818181817
-1.3,1.1,27.516778523489933
-1.3,1.2,31.57894736842105
-1.3,1.3,44.71544715447155
-1.3,1.4,47.4025974025974
-1.3,1.5,50.81967213114754
-1.3,1.6,60.74561403508772
-1.3,1.7,64.02321083172147
-1.3,1.8,66.35071090047393
-1.3,1.9,70.16806722689076
-1.3,2.0,69.69292389853138
-1.2,0.0,nan
-1.2,0.1,nan
-1.2,0.2,nan
-1.2,0.3,nan
-1.2,0.4,nan
-1.2,0.5,0.0
-1.2,0.6,0.0
-1.2,0.7,0.0
-1.2,0.8,15.217391304347826
-1.2,0.9,18.9873417721519
-1.2,1.0,35.374149659863946
-1.2,1.1,29.585798816568047
-1.2,1.2,30.729166666666668
-1.2,1.3,42.0
-1.2,1.4,50.88235294117647
-1.2,1.5,56.904761904761905
-1.2,1.6,62.32179226069246
-1.2,1.7,64.53287197231833
-1.2,1.8,68.30015313935681
-1.2,1.9,70.65368567454799
-1.2,2.0,74.009324009324
-1.1,0.0,nan
-1.1,0.1,nan
-1.1,0.2,nan
-1.1,0.3,nan
-1.1,0.4,0.0
-1.1,0.5,0.0
-1.1,0.6,0.0
-1.1,0.7,0.0
-1.1,0.8,10.344827586206897
-1.1,0.9,10.112359550561798
-1.1,1.0,28.244274809160306
-1.1,1.1,35.294117647058826
-1.1,1.2,40.07220216606498
-1.1,1.3,48.916408668730654
-1.1,1.4,53.6
-1.1,1.5,59.827213822894166
-1.1,1.6,66.55112651646448
-1.1,1.7,67.67676767676768
-1.1,1.8,69.54732510288066
-1.1,1.9,74.22680412371135
-1.1,2.0,72.78325123152709
-1.0,0.0,nan
-1.0,0.1,nan
-1.0,0.2,nan
-1.0,0.3,nan
-1.0,0.4,nan
-1.0,0.5,0.0
-1.0,0.6,0.0
-1.0,0.7,0.0
-1.0,0.8,10.38961038961039
-1.0,0.9,12.121212121212121
-1.0,1.0,32.4468085106383
-1.0,1.1,40.0
-1.0,1.2,47.41935483870968
-1.0,1.3,52.31607629427793
-1.0,1.4,59.910913140311806
-1.0,1.5,65.51126516464471
-1.0,1.6,69.73058637083993
-1.0,1.7,70.62146892655367
-1.0,1.8,72.56176853055916
-1.0,1.9,72.45370370370371
-1.0,2.0,75.74206755373592
-0.9,0.0,nan
-0.9,0.1,nan
-0.9,0.2,nan
-0.9,0.3,nan
-0.9,0.4,nan
-0.9,0.5,0.0
-0.9,0.6,3.8461538461538463
-0.9,0.7,10.204081632653061
-0.9,0.8,20.560747663551403
-0.9,0.9,24.22360248447205
-0.9,1.0,40.50632911392405
-0.9,1.1,43.666666666666664
-0.9,1.2,49.72527472527472
-0.9,1.3,52.33160621761658
-0.9,1.4,59.34959349593496
-0.9,1.5,67.78761061946902
-0.9,1.6,67.39446870451238
-0.9,1.7,71.66454891994917
-0.9,1.8,72.01017811704834
-0.9,1.9,74.54153182308522
-0.9,2.0,77.66798418972331
-0.8,0.0,nan
-0.8,0.1,nan
-0.8,0.2,nan
-0.8,0.3,nan
-0.8,0.4,nan
-0.8,0.5,0.0
-0.8,0.6,5.714285714285714
-0.8,0.7,12.658227848101266
-0.8,0.8,23.423423423423422
-0.8,0.9,32.27513227513227
-0.8,1.0,42.687747035573125
-0.8,1.1,47.05882352941177
-0.8,1.2,51.578947368421055
-0.8,1.3,56.46551724137931
-0.8,1.4,68.29710144927536
-0.8,1.5,65.40983606557377
-0.8,1.6,70.0261780104712
-0.8,1.7,74.44314185228605
-0.8,1.8,76.98744769874477
-0.8,1.9,77.66599597585513
-0.8,2.0,78.51387645478961
-0.7,0.0,nan
-0.7,0.1,nan
-0.7,0.2,nan
-0.7,0.3,nan
-0.7,0.4,0.0
-0.7,0.5,0.0
-0.7,0.6,5.555555555555555
-0.7,0.7,19.23076923076923
-0.7,0.8,28.74251497005988
-0.7,0.9,34.177215189873415
-0.7,1.0,46.103896103896105
-0.7,1.1,55.470737913486005
-0.7,1.2,56.22222222222222
-0.7,1.3,59.34489402697495
-0.7,1.4,65.27131782945736
-0.7,1.5,68.13031161473087
-0.7,1.6,69.29032258064517
-0.7,1.7,72.69662921348315
-0.7,1.8,75.14792899408285
-0.7,1.9,76.83823529411765
-0.7,2.0,78.4452296819788
-0.6,0.0,nan
-0.6,0.1,nan
-0.6,0.2,nan
-0.6,0.3,nan
-0.6,0.4,11.11111111111111
-0.6,0.5,8.333333333333334
-0.6,0.6,14.492753623188406
-0.6,0.7,19.014084507042252
-0.6,0.8,32.69230769230769
-0.6,0.9,41.24513618677043
-0.6,1.0,48.08743169398907
-0.6,1.1,59.73741794310722
-0.6,1.2,63.25088339222615
-0.6,1.3,65.17719568567026
-0.6,1.4,69.4019471488178
-0.6,1.5,71.41089108910892
-0.6,1.6,76.20545073375263
-0.6,1.7,75.10373443983403
-0.6,1.8,75.5223880597015
-0.6,1.9,76.88266199649738
-0.6,2.0,77.62359063313096
-0.5,0.0,nan
-0.5,0.1,nan
-0.5,0.2,nan
-0.5,0.3,0.0
-0.5,0.4,4.545454545454546
-0.5,0.5,10.526315789473685
-0.5,0.6,12.5
-0.5,0.7,29.239766081871345
-0.5,0.8,43.82022471910113
-0.5,0.9,48.857142857142854
-0.5,1.0,57.49440715883669
-0.5,1.1,65.59714795008912
-0.5,1.2,63.422818791946305
-0.5,1.3,71.37254901960785
-0.5,1.4,71.39272271016311
-0.5,1.5,73.8121546961326
-0.5,1.6,75.75452716297787
-0.5,1.7,77.52596789423986
-0.5,1.8,79.38144329896907
-0.5,1.9,77.74086378737542
-0.5,2.0,80.78266946191475
-0.4,0.0,nan
-0.4,0.1,nan
-0.4,0.2,nan
-0.4,0.3,0.0
-0.4,0.4,4.0
-0.4,0.5,16.666666666666668
-0.4,0.6,27.10843373493976
-0.4,0.7,40.43478260869565
-0.4,0.8,45.48494983277592
-0.4,0.9,58.086560364464695
-0.4,1.0,60.412757973733584
-0.4,1.1,63.2183908045977
-0.4,1.2,71.57360406091371
-0.4,1.3,70.58047493403694
-0.4,1.4,75.22522522522523
-0.4,1.5,76.8928220255654
-0.4,1.6,76.75276752767527
-0.4,1.7,78.70753935376968
-0.4,1.8,79.05718701700154
-0.4,1.9,79.87987987987988
-0.4,2.0,80.48780487804878
-0.3,0.0,nan
-0.3,0.1,nan
-0.3,0.2,nan
-0.3,0.3,0.0
-0.3,0.4,11.538461538461538
-0.3,0.5,22.764227642276424
-0.3,0.6,33.165829145728644
-0.3,0.7,49.42528735632184
-0.3,0.8,50.52910052910053
-0.3,0.9,63.4
-0.3,1.0,63.36805555555556
-0.3,1.1,69.06077348066299
-0.3,1.2,71.05911330049261
-0.3,1.3,74.32432432432432
-0.3,1.4,76.31307929969104
-0.3,1.5,77.70814682184422
-0.3,1.6,78.87817703768624
-0.3,1.7,77.81324820430966
-0.3,1.8,79.80910425844347
-0.3,1.9,79.98570407433881
-0.3,2.0,83.02839116719242
-0.2,0.0,nan
-0.2,0.1,nan
-0.2,0.2,nan
-0.2,0.3,0.0
-0.2,0.4,14.141414141414142
-0.2,0.5,32.47422680412371
-0.2,0.6,43.18936877076412
-0.2,0.7,51.15681233933162
-0.2,0.8,60.33210332103321
-0.2,0.9,62.808349146110054
-0.2,1.0,69.26345609065156
-0.2,1.1,71.89542483660131
-0.2,1.2,72.5752508361204
-0.2,1.3,75.98039215686275
-0.2,1.4,77.5813953488372
-0.2,1.5,79.38671209540034
-0.2,1.6,79.3103448275862
-0.2,1.7,80.61901252763448
-0.2,1.8,82.42296918767506
-0.2,1.9,81.47448015122873
-0.2,2.0,83.90212491951063
-0.1,0.0,nan
-0.1,0.1,nan
-0.1,0.2,0.0
-0.1,0.3,6.451612903225806
-0.1,0.4,26.582278481012658
-0.1,0.5,41.09090909090909
-0.1,0.6,52.61845386533666
-0.1,0.7,61.77606177606177
-0.1,0.8,63.95348837209303
-0.1,0.9,68.59154929577464
-0.1,1.0,72.15496368038741
-0.1,1.1,74.79674796747967
-0.1,1.2,73.52941176470588
-0.1,1.3,74.55230914231856
-0.1,1.4,77.42782152230971
-0.1,1.5,80.6554756195044
-0.1,1.6,79.88748241912799
-0.1,1.7,81.21128699242945
-0.1,1.8,82.35664776307499
-0.1,1.9,83.96396396396396
-0.1,2.0,84.13284132841328
0.0,0.0,nan
0.0,0.1,nan
0.0,0.2,0.0
0.0,0.3,19.51219512195122
0.0,0.4,44.80286738351254
0.0,0.5,48.704663212435236
0.0,0.6,57.49486652977413
0.0,0.7,63.41463414634146
0.0,0.8,67.32954545454545
0.0,0.9,72.20902612826603
0.0,1.0,73.53255069370331
0.0,1.1,77.32267732267732
0.0,1.2,76.55545536519386
0.0,1.3,79.56810631229236
0.0,1.4,79.48131197559115
0.0,1.5,81.28855380397532
0.0,1.6,81.92934782608695
0.0,1.7,84.76017000607165
0.0,1.8,82.00626959247649
0.0,1.9,82.97161936560934
0.0,2.0,84.07407407407408
0.1,0.0,nan
0.1,0.1,nan
0.1,0.2,14.0
0.1,0.3,32.69230769230769
0.1,0.4,47.01086956521739
0.1,0.5,58.07086614173228
0.1,0.6,64.82084690553746
0.1,0.7,68.90645586297761
0.1,0.8,71.69811320754717
0.1,0.9,75.9167492566898
0.1,1.0,76.20020429009193
0.1,1.1,77.53686036426713
0.1,1.2,80.71312803889789
0.1,1.3,79.76923076923077
0.1,1.4,80.40201005025126
0.1,1.5,82.98676748582231
0.1,1.6,82.14285714285714
0.1,1.7,84.42714126807564
0.1,1.8,82.17928073000537
0.1,1.9,83.57972544878564
0.1,2.0,85.0381679389313
0.2,0.0,nan
0.2,0.1,0.0
0.2,0.2,30.573248407643312
0.2,0.3,54.04624277456647
0.2,0.4,62.765957446808514
0.2,0.5,65.12345679012346
0.2,0.6,68.48249027237354
0.2,0.7,72.90249433106575
0.2,0.8,75.0
0.2,0.9,76.0306807286673
0.2,1.0,77.6206322795341
0.2,1.1,77.63371150729336
0.2,1.2,80.758226037196
0.2,1.3,81.25435540069687
0.2,1.4,81.30348913759052
0.2,1.5,82.540675844806
0.2,1.6,84.60227272727273
0.2,1.7,84.8302300109529
0.2,1.8,85.34391534391534
0.2,1.9,85.12476007677543
0.2,2.0,85.30940009447332
0.3,0.0,nan
0.3,0.1,9.67741935483871
0.3,0.2,49.8567335243553
0.3,0.3,63.59143327841845
0.3,0.4,70.55837563451777
0.3,0.5,71.27003699136868
0.3,0.6,74.11504424778761
0.3,0.7,75.14910536779324
0.3,0.8,77.4526678141136
0.3,0.9,78.73042044517724
0.3,1.0,78.13479623824452
0.3,1.1,79.46741415557113
0.3,1.2,82.3125
0.3,1.3,82.44746600741657
0.3,1.4,82.68053855569156
0.3,1.5,83.57030015797788
0.3,1.6,84.5505617977528
0.3,1.7,84.65739821251242
0.3,1.8,83.97565922920893
0.3,1.9,86.19186046511628
0.3,2.0,86.34380453752182
0.4,0.0,nan
0.4,0.1,56.423173803526446
0.4,0.2,70.24901703800786
0.4,0.3,73.25842696629213
0.4,0.4,73.42733188720173
0.4,0.5,76.28384687208217
0.4,0.6,77.17584369449378
0.4,0.7,78.29391891891892
0.4,0.8,80.13803680981596
0.4,0.9,80.15536723163842
0.4,1.0,82.48816768086544
0.4,1.1,81.2706816677697
0.4,1.2,84.52669902912622
0.4,1.3,83.07866440294283
0.4,1.4,84.96
0.4,1.5,83.65817091454272
0.4,1.6,85.00780843310775
0.4,1.7,84.8951048951049
0.4,1.8,85.43820224719101
0.4,1.9,87.11403869905311
0.4,2.0,84.63855421686748
0.5,0.0,nan
0.5,0.1,77.99490229396771
0.5,0.2,78.49372384937239
0.5,0.3,78.36700336700336
0.5,0.4,77.98690671031096
0.5,0.5,77.85016286644951
0.5,0.6,79.3394777265745
0.5,0.7,80.09880028228652
0.5,0.8,81.85538881309687
0.5,0.9,81.17797695262485
0.5,1.0,81.70656844689994
0.5,1.1,82.90186634557496
0.5,1.2,82.69858541893362
0.5,1.3,84.32754880694144
0.5,1.4,84.97746619929895
0.5,1.5,85.41565386485172
0.5,1.6,85.69494584837545
0.5,1.7,86.16830796777082
0.5,1.8,85.92862935928629
0.5,1.9,87.5598086124402
0.5,2.0,86.23386781384436
0.6,0.0,87.25
0.6,0.1,84.87972508591065
0.6,0.2,82.70142180094787
0.6,0.3,82.76553106212425
0.6,0.4,80.60810810810811
0.6,0.5,80.62120189061444
0.6,0.6,82.71186440677967
0.6,0.7,81.58567774936061
0.6,0.8,81.94197750148017
0.6,0.9,83.31491712707182
0.6,1.0,83.9607201309329
0.6,1.1,83.64213869772367
0.6,1.2,84.50127877237851
0.6,1.3,85.06142506142506
0.6,1.4,85.26459854014598
0.6,1.5,84.73983384346305
0.6,1.6,86.08400509121765
0.6,1.7,85.78745198463508
0.6,1.8,86.3689776733255
0.6,1.9,86.38642499035866
0.6,2.0,86.9581190301249
0.7,0.0,87.25
0.7,0.1,87.20136518771331
0.7,0.2,86.07089365951073
0.7,0.3,83.72093023255815
0.7,0.4,83.46820809248555
0.7,0.5,81.95443645083932
0.7,0.6,84.02976531196336
0.7,0.7,82.70975056689342
0.7,0.8,82.65193370165746
0.7,0.9,82.80846670108416
0.7,1.0,84.71370143149284
0.7,1.1,85.22167487684729
0.7,1.2,85.53370786516854
0.7,1.3,85.97014925373135
0.7,1.4,85.37460744728578
0.7,1.5,86.0122699386503
0.7,1.6,85.67961165048544
0.7,1.7,87.29071537290716
0.7,1.8,86.30751964085297
0.7,1.9,88.56541564363381
0.7,2.0,87.97909407665506
0.8,0.0,87.25
0.8,0.1,87.0671672924489
0.8,0.2,85.66324251898169
0.8,0.3,85.243482538121
0.8,0.4,84.13021363173958
0.8,0.5,84.16100365917407
0.8,0.6,84.51579492490937
0.8,0.7,85.72834645669292
0.8,0.8,84.25510712506228
0.8,0.9,84.52554744525547
0.8,1.0,85.98813327247832
0.8,1.1,86.11349957007738
0.8,1.2,85.82408198121264
0.8,1.3,84.60610932475885
0.8,1.4,86.09794628751975
0.8,1.5,86.80501174628034
0.8,1.6,86.95154521175124
0.8,1.7,88.20306793279767
0.8,1.8,87.8840782122905
0.8,1.9,86.9640387275242
0.8,2.0,86.72032193158954
0.9,0.0,87.25
0.9,0.1,87.24468528553564
0.9,0.2,87.26655348047538
0.9,0.3,85.61310314298362
0.9,0.4,85.80645161290323
0.9,0.5,85.13200555812877
0.9,0.6,85.817852288174
0.9,0.7,85.03649635036497
0.9,0.8,85.56384379113646
0.9,0.9,86.01102161933022
0.9,1.0,85.9504132231405
0.9,1.1,86.33182379580074
0.9,1.2,86.7132867132867
0.9,1.3,87.32506997201119
0.9,1.4,86.41005498821681
0.9,1.5,87.28560775540642
0.9,1.6,87.50926612305412
0.9,1.7,87.17006348145674
0.9,1.8,88.26834104428288
0.9,1.9,87.25490196078431
0.9,2.0,87.76157260621433
1.0,0.0,87.25
1.0,0.1,87.25
1.0,0.2,87.28636932055024
1.0,0.3,87.51033912324235
1.0,0.4,86.45187938868236
1.0,0.5,86.151302190988
1.0,0.6,86.29100084104289
1.0,0.7,86.50573802928373
1.0,0.8,85.8560794044665
1.0,0.9,87.26708074534162
1.0,1.0,85.86783439490446
1.0,1.1,86.6967305524239
1.0,1.2,87.39837398373983
1.0,1.3,87.27977448907681
1.0,1.4,87.82849239280775
1.0,1.5,87.35875706214689
1.0,1.6,87.19972546328071
1.0,1.7,86.8543046357616
1.0,1.8,89.35301507537689
1.0,1.9,87.77673838478329
1.0,2.0,88.41799709724238
1.1,0.0,87.25
1.1,0.1,87.25
1.1,0.2,87.63352506162695
1.1,0.3,87.34227129337539
1.1,0.4,87.0257966616085
1.1,0.5,86.28636191915376
1.1,0.6,87.03914861269479
1.1,0.7,86.94350916573138
1.1,0.8,87.5366568914956
1.1,0.9,87.63636363636364
1.1,1.0,87.61938450654404
1.1,1.1,88.23529411764706
1.1,1.2,88.2313607489134
1.1,1.3,87.51272480488632
1.1,1.4,87.2636815920398
1.1,1.5,88.72564675822422
1.1,1.6,88.14814814814815
1.1,1.7,88.22115384615384
1.1,1.8,87.8770131771596
1.1,1.9,87.92697290930506
1.1,2.0,88.77314814814815
1.2,0.0,87.25
1.2,0.1,87.27121464226289
1.2,0.2,87.95606120047077
1.2,0.3,87.26346433770014
1.2,0.4,88.016967126193
1.2,0.5,87.52627890679747
1.2,0.6,87.1955462769659
1.2,0.7,87.86107290233838
1.2,0.8,88.01811215604319
1.2,0.9,88.02153432032301
1.2,1.0,87.17094301899367
1.2,1.1,87.52462245567958
1.2,1.2,87.55160368370912
1.2,1.3,88.88192922016913
1.2,1.4,88.67574257425743
1.2,1.5,87.07916287534123
1.2,1.6,87.99277761059284
1.2,1.7,88.48899464604402
1.2,1.8,88.49384098544233
1.2,1.9,87.909604519774
1.2,2.0,88.49804578447795
1.3,0.0,87.25
1.3,0.1,87.22970216238271
1.3,0.2,87.64769065520946
1.3,0.3,87.73678963110667
1.3,0.4,87.96920115495669
1.3,0.5,87.55685510071476
1.3,0.6,88.1118881118881
1.3,0.7,87.88071065989848
1.3,0.8,88.41187863137507
1.3,0.9,88.71067242442936
1.3,1.0,88.6370692331574
1.3,1.1,87.40808823529412
1.3,1.2,88.72475128127826
1.3,1.3,88.88219343175655
1.3,1.4,88.43373493975903
1.3,1.5,88.16771970132108
1.3,1.6,88.41743119266054
1.3,1.7,88.2589928057554
1.3,1.8,88.52413793103449
1.3,1.9,89.90185950413223
1.3,2.0,89.89769820971867
1.4,0.0,87.25
1.4,0.1,87.68244927020292
1.4,0.2,88.3158229863101
1.4,0.3,88.50121359223301
1.4,0.4,88.61985472154964
1.4,0.5,88.60986547085201
1.4,0.6,88.26138379657007
1.4,0.7,88.01410105757932
1.4,0.8,88.19320214669052
1.4,0.9,88.60645933014354
1.4,1.0,88.74635568513119
1.4,1.1,88.49478390461996
1.4,1.2,88.81789137380191
1.4,1.3,88.57709750566893
1.4,1.4,88.6863425925926
1.4,1.5,88.86761487964989
1.4,1.6,89.3854748603352
1.4,1.7,89.3312101910828
1.4,1.8,88.92679086853845
1.4,1.9,88.69565217391305
1.4,2.0,89.44603629417384
1.5,0.0,89.91666666666667
1.5,0.1,89.46929702695193
1.5,0.2,88.70119080587095
1.5,0.3,88.32318760376315
1.5,0.4,88.70879120879121
1.5,0.5,88.57383492419989
1.5,0.6,89.00083963056255
1.5,0.7,89.0742285237698
1.5,0.8,88.52949170970372
1.5,0.9,88.8327721661055
1.5,1.0,89.34651290499725
1.5,1.1,89.04361534419338
1.5,1.2,88.91553423927525
1.5,1.3,88.53734439834025
1.5,1.4,89.08285565398646
1.5,1.5,88.73346897253306
1.5,1.6,89.23505572441742
1.5,1.7,88.25990647304947
1.5,1.8,89.80594448538443
1.5,1.9,89.85791278784909
1.5,2.0,90.51908035079403
1.6,0.0,89.91666666666667
1.6,0.1,89.90058743786715
1.6,0.2,89.48398141354855
1.6,0.3,89.22879177377892
1.6,0.4,89.31415360904187
1.6,0.5,89.20114493884985
1.6,0.6,89.4668400520156
1.6,0.7,89.47368421052632
1.6,0.8,88.97535667963683
1.6,0.9,88.88888888888889
1.6,1.0,89.12875867386276
1.6,1.1,88.83756735950732
1.6,1.2,88.76204972095383
1.6,1.3,89.49203187250995
1.6,1.4,89.41596531497068
1.6,1.5,89.16075360900416
1.6,1.6,89.60155490767735
1.6,1.7,89.41065977929091
1.6,1.8,88.51102941176471
1.6,1.9,90.01364877161056
1.6,2.0,89.67428967428967
1.7,0.0,89.91666666666667
1.7,0.1,90.34700315457414
1.7,0.2,89.877161055505
1.7,0.3,89.50632005723826
1.7,0.4,88.8753947048822
1.7,0.5,89.27784577723378
1.7,0.6,89.1510581367064
1.7,0.7,89.22774225282834
1.7,0.8,89.52496954933008
1.7,0.9,89.08554572271386
1.7,1.0,88.87303851640513
1.7,1.1,89.48388660043615
1.7,1.2,89.81977593765221
1.7,1.3,89.81835564053537
1.7,1.4,89.4627622780724
1.7,1.5,90.15009380863039
1.7,1.6,89.88894030541417
1.7,1.7,89.41123796731587
1.7,1.8,89.86774265859673
1.7,1.9,90.04801396769969
1.7,2.0,89.46902654867256
1.8,0.0,89.91666666666667
1.8,0.1,89.91666666666667
1.8,0.2,89.87532244196045
1.8,0.3,89.85148514851485
1.8,0.4,89.82896237172177
1.8,0.5,89.60949988581868
1.8,0.6,89.71202972596377
1.8,0.7,90.27712541099108
1.8,0.8,89.38700823421775
1.8,0.9,89.58236658932715
1.8,1.0,89.74535443909153
1.8,1.1,89.81628487185303
1.8,1.2,89.32327389117512
1.8,1.3,89.36025408348458
1.8,1.4,90.46023235031278
1.8,1.5,89.5659995502586
1.8,1.6,89.79276895943562
1.8,1.7,89.31530745747928
1.8,1.8,90.07849978194506
1.8,1.9,89.79974968710889
1.8,2.0,89.5962093119077
1.9,0.0,89.91666666666667
1.9,0.1,89.91666666666667
1.9,0.2,90.17875920084121
1.9,0.3,89.80467911569006
1.9,0.4,90.24230517354289
1.9,0.5,89.86205386468141
1.9,0.6,89.50108459869848
1.9,0.7,89.65517241379311
1.9,0.8,90.0990099009901
1.9,0.9,89.48054770702021
1.9,1.0,89.83757682177348
1.9,1.1,89.54446854663775
1.9,1.2,90.55101162290143
1.9,1.3,89.81501632208922
1.9,1.4,90.1481004507405
1.9,1.5,89.84993747394748
1.9,1.6,90.05421184320267
1.9,1.7,90.28837998303648
1.9,1.8,90.13854930725347
1.9,1.9,90.18551765409934
1.9,2.0,89.59266802443992
2.0,0.0,89.91666666666667
2.0,0.1,89.91666666666667
2.0,0.2,90.31921552263718
2.0,0.3,90.56485355648536
2.0,0.4,89.94120117597647
2.0,0.5,90.19079220240565
2.0,0.6,89.89451476793249
2.0,0.7,89.81788079470199
2.0,0.8,90.80791426215994
2.0,0.9,90.30004110152076
2.0,1.0,90.06342494714588
2.0,1.1,89.91091775429874
2.0,1.2,90.51987767584097
2.0,1.3,90.17507723995881
2.0,1.4,90.17051153460382
2.0,1.5,90.61157700961341
2.0,1.6,89.98994974874371
2.0,1.7,90.6194339996042
2.0,1.8,90.04076878276062
2.0,1.9,89.73601260835304
2.0,2.0,90.76628352490421
2.1,0.0,89.91666666666667
2.1,0.1,89.91666666666667
2.1,0.2,90.05149330587024
2.1,0.3,90.23023023023023
2.1,0.4,90.2409878510257
2.1,0.5,90.48848292295473
2.1,0.6,90.1593625498008
2.1,0.7,90.40663245163837
2.1,0.8,90.59692553403873
2.1,0.9,90.60806742925948
2.1,1.0,90.46776729559748
2.1,1.1,90.83626416568973
2.1,1.2,90.5273631840796
2.1,1.3,90.16553067185978
2.1,1.4,90.8001546192501
2.1,1.5,90.53095648840329
2.1,1.6,90.43328220858896
2.1,1.7,90.21394611727416
2.1,1.8,90.69457659372027
2.1,1.9,90.96701649175412
2.1,2.0,90.99048684946838
2.2,0.0,89.91666666666667
2.2,0.1,90.48709408825978
2.2,0.2,90.40322580645162
2.2,0.3,90.48543689320388
2.2,0.4,89.91835959749383
2.2,0.5,90.6866464339909
2.2,0.6,90.29654654654655
2.2,0.7,90.26934749620638
2.2,0.8,90.49322289156626
2.2,0.9,90.58355437665783
2.2,1.0,90.3488813045127
2.2,1.1,90.32625189681336
2.2,1.2,90.04133784291619
2.2,1.3,90.28065549067621
2.2,1.4,90.94860166288738
2.2,1.5,90.42922374429224
2.2,1.6,90.45005488474204
2.2,1.7,90.35485088712721
2.2,1.8,91.28251121076234
2.2,1.9,90.6165250406798
2.2,2.0,90.601644245142
2.3,0.0,89.91666666666667
2.3,0.1,90.1153212520593
2.3,0.2,89.71549404075355
2.3,0.3,90.90573012939002
2.3,0.4,90.6968259759212
2.3,0.5,90.7547851209823
2.3,0.6,90.63176895306859
2.3,0.7,90.19431450161929
2.3,0.8,90.25277323149663
2.3,0.9,90.25094782451706
2.3,1.0,90.82386875788714
2.3,1.1,90.22542831379621
2.3,1.2,90.15232022670918
2.3,1.3,90.36233216847526
2.3,1.4,90.34369885433715
2.3,1.5,91.03025936599424
2.3,1.6,90.4828797190518
2.3,1.7,91.01163200563975
2.3,1.8,90.39833014437293
2.3,1.9,90.64773120886734
2.3,2.0,90.7843137254902
2.4,0.0,89.91666666666667
2.4,0.1,90.51391035548686
2.4,0.2,90.88442756375474
2.4,0.3,90.81740976645435
2.4,0.4,90.7127808988764
2.4,0.5,90.8189880020866
2.4,0.6,90.98289860079461
2.4,0.7,90.66228601072108
2.4,0.8,90.97448193183764
2.4,0.9,91.10381758507515
2.4,1.0,90.85901187812016
2.4,1.1,90.99303135888502
2.4,1.2,91.13924050632912
2.4,1.3,91.08291326264558
2.4,1.4,90.98457888493476
2.4,1.5,90.55489964580873
2.4,1.6,90.92159559834938
2.4,1.7,90.51449639684934
2.4,1.8,91.22980547312892
2.4,1.9,90.51058112193483
2.4,2.0,90.77943615257048
2.5,0.0,89.91666666666667
2.5,0.1,91.13860558435044
2.5,0.2,90.74197860962566
2.5,0.3,91.11556446225785
2.5,0.4,90.3182802866189
2.5,0.5,90.65188616810059
2.5,0.6,91.16317991631799
2.5,0.7,90.80747414080747
2.5,0.8,90.9670920080591
2.5,0.9,90.85648148148148
2.5,1.0,91.01588352084713
2.5,1.1,90.85457271364318
2.5,1.2,91.51585588577122
2.5,1.3,91.44242019053986
2.5,1.4,90.56825823806321
2.5,1.5,90.91823056300268
2.5,1.6,90.90612244897959
2.5,1.7,91.44006436041835
2.5,1.8,90.80966372837088
2.5,1.9,90.07942940508997
2.5,2.0,90.76948480845442
2.6,0.0,91.0
2.6,0.1,91.31959666812801
2.6,0.2,90.97082883160982
2.6,0.3,91.00236779794791
2.6,0.4,90.7410358565737
2.6,0.5,90.93397745571659
2.6,0.6,90.91054058363898
2.6,0.7,90.7353885677585
2.6,0.8,90.66989507667473
2.6,0.9,91.08330693696547
2.6,1.0,90.98739830914022
2.6,1.1,90.69804933096889
2.6,1.2,90.84272337724171
2.6,1.3,90.53531118993872
2.6,1.4,90.9582935370901
2.6,1.5,90.28223220012829
2.6,1.6,91.33934320669671
2.6,1.7,90.40291878172589
2.6,1.8,90.91192517537023
2.6,1.9,91.2836279784781
2.6,2.0,91.13707165109034
2.7,0.0,91.0
2.7,0.1,91.01611772950245
2.7,0.2,91.47560258671369
2.7,0.3,91.05875245431204
2.7,0.4,90.99015990159901
2.7,0.5,90.64327485380117
2.7,0.6,91.11179931867451
2.7,0.7,91.14351496546432
2.7,0.8,91.22725151656556
2.7,0.9,91.11998770932554
2.7,1.0,91.1546773695585
2.7,1.1,91.04750304506699
2.7,1.2,91.3687748243202
2.7,1.3,91.0254433307633
2.7,1.4,91.91965654707145
2.7,1.5,91.25515976150436
2.7,1.6,91.11761083743842
2.7,1.7,91.33221425301389
2.7,1.8,91.52593035420715
2.7,1.9,90.93632958801498
2.7,2.0,90.95657364572452
2.8,0.0,91.0
2.8,0.1,90.94318655368801
2.8,0.2,91.51118074348383
2.8,0.3,91.07430748937418
2.8,0.4,91.11078242863482
2.8,0.5,91.00371747211896
2.8,0.6,91.25821876867901
2.8,0.7,90.8
2.8,0.8,91.01123595505618
2.8,0.9,91.08469539375929
2.8,1.0,91.15872057936029
2.8,1.1,91.33025472962908
2.8,1.2,91.45058527189214
2.8,1.3,91.39879641861148
2.8,1.4,91.06219530211257
2.8,1.5,90.94996374184191
2.8,1.6,91.53788447111778
2.8,1.7,91.38078902229846
2.8,1.8,91.30756700725604
2.8,1.9,91.47995283018868
2.8,2.0,90.68906605922551
2.9,0.0,91.0
2.9,0.1,91.0
2.9,0.2,91.03997763488957
2.9,0.3,91.21958161377543
2.9,0.4,91.52493925968272
2.9,0.5,91.26115750071983
2.9,0.6,90.93529326992362
2.9,0.7,91.35838150289017
2.9,0.8,90.91040046096226
2.9,0.9,91.22279495990836
2.9,1.0,91.27063890882987
2.9,1.1,91.54494382022472
2.9,1.2,91.51715228936415
2.9,1.3,91.42485924642702
2.9,1.4,91.75800711743773
2.9,1.5,91.65945165945166
2.9,1.6,91.52737752161383
2.9,1.7,91.18391451068617
2.9,1.8,91.21428571428571
2.9,1.9,91.65358824368668
2.9,2.0,91.27602322617193
3.0,0.0,91.0
3.0,0.1,91.0
3.0,0.2,91.03544127866574
3.0,0.3,91.39799888827126
3.0,0.4,91.24494632650216
3.0,0.5,91.32660118965279
3.0,0.6,91.34043436159911
3.0,0.7,91.17565698478562
3.0,0.8,91.58450215247882
3.0,0.9,91.43611844849158
3.0,1.0,91.5083952656207
3.0,1.1,91.31517079242151
3.0,1.2,91.775131542509
3.0,1.3,91.69078131459281
3.0,1.4,91.3689225164635
3.0,1.5,91.2616056799563
3.0,1.6,91.81076220777425
3.0,1.7,91.88334021185858
3.0,1.8,91.37076796036334
3.0,1.9,91.04727374145865
3.0,2.0,91.24036440084093
3.1,0.0,91.0
3.1,0.1,91.0
3.1,0.2,91.11387506909895
3.1,0.3,91.7051944519989
3.1,0.4,91.50423444011292
3.1,0.5,91.52656355077337
3.1,0.6,91.13120950323975
3.1,0.7,91.39108314366047
3.1,0.8,91.18825100133512
3.1,0.9,91.52244456462952
3.1,1.0,91.47487402968814
3.1,1.1,91.58653846153847
3.1,1.2,91.30376162869085
3.1,1.3,91.47909967845659
3.1,1.4,91.48936170212765
3.1,1.5,91.6163736552086
3.1,1.6,91.7684127609295
3.1,1.7,91.69821525148728
3.1,1.8,91.40343862455018
3.1,1.9,91.11111111111111
3.1,2.0,91.26973596921852
3.2,0.0,91.0
3.2,0.1,91.20955422857936
3.2,0.2,91.07554591075547
3.2,0.3,91.48514851485149
3.2,0.4,91.36869679109365
3.2,0.5,91.40218522372528
3.2,0.6,91.50609516319308
3.2,0.7,91.43822268416267
3.2,0.8,91.69174407954992
3.2,0.9,91.81549531029167
3.2,1.0,91.26778783958603
3.2,1.1,91.11314106746705
3.2,1.2,91.17492787831104
3.2,1.3,91.49240161059878
3.2,1.4,91.28523403154901
3.2,1.5,91.62194004450845
3.2,1.6,91.50918974889981
3.2,1.7,91.17723156532989
3.2,1.8,91.48772020059148
3.2,1.9,91.89682126107347
3.2,2.0,91.78553234844625
3.3,0.0,91.0
3.3,0.1,91.07981220657277
3.3,0.2,91.49413161018067
3.3,0.3,91.3154533844189
3.3,0.4,91.44047468753945
3.3,0.5,91.56048946638073
3.3,0.6,91.53826723920182
3.3,0.7,91.54929577464789
3.3,0.8,91.32460337446487
3.3,0.9,91.5982312065698
3.3,1.0,91.58479834539814
3.3,1.1,91.23445937460755
3.3,1.2,91.78792863469569
3.3,1.3,91.78509099975068
3.3,1.4,91.7477568558069
3.3,1.5,91.64160401002506
3.3,1.6,91.27390923865484
3.3,1.7,91.37165334348433
3.3,1.8,91.20606135883742
3.3,1.9,91.77791640673736
3.3,2.0,91.41020887405759
3.4,0.0,91.0
3.4,0.1,91.28198364547613
3.4,0.2,91.26874133803705
3.4,0.3,91.52332632099987
3.4,0.4,91.46551724137932
3.4,0.5,91.7085735312155
3.4,0.6,91.65031878371751
3.4,0.7,91.57330735509011
3.4,0.8,91.42019066242972
3.4,0.9,91.4485809067453
3.4,1.0,91.70422706785236
3.4,1.1,91.5869511896002
3.4,1.2,91.80587733203268
3.4,1.3,91.87654320987654
3.4,1.4,91.6183187260832
3.4,1.5,91.91176470588235
3.4,1.6,91.78738030935429
3.4,1.7,91.77069446127742
3.4,1.8,91.41795517200048
3.4,1.9,92.27832512315271
3.4,2.0,91.35562310030394
