,type,y,x,t,size
0,car0,48.6895,47.5824,0,1
1,car0,48.6895,47.5824,1,1
2,car0,48.6895,47.5824,2,1
3,car0,48.6895,47.5824,3,1
4,car0,48.6895,47.5824,4,1
5,car0,48.6895,47.5824,5,1
6,car0,48.6895,47.5824,6,1
7,car0,48.6895,47.5824,7,1
8,car0,48.6895,47.5824,8,1
9,car0,48.6895,47.5824,9,1
10,car0,48.6895,47.5824,10,1
11,car0,48.6895,47.5824,11,1
12,car0,48.6895,47.5824,12,1
13,car0,48.6896,47.5824,13,1
14,car0,53.0578,64.0508,14,1
15,car0,53.0578,64.0508,15,1
16,car0,53.0578,64.0508,16,1
17,car0,53.0578,64.0508,17,1
18,car0,53.0578,64.0508,18,1
19,car0,53.0578,64.0508,19,1
20,car0,53.0578,64.0508,20,1
21,car0,53.0578,64.0508,21,1
22,car0,53.0578,64.0508,22,1
23,car0,53.0579,64.0508,23,1
24,car0,48.6895,47.5824,24,1
25,car0,48.6895,47.5824,25,1
26,car0,48.6895,47.5824,26,1
27,car0,48.6895,47.5824,27,1
28,car0,48.6895,47.5824,28,1
29,car0,48.6895,47.5824,29,1
30,car0,48.6895,47.5824,30,1
31,car1,48.6895,47.5824,0,1
32,car1,48.6895,47.5824,1,1
33,car1,48.6895,47.5824,2,1
34,car1,48.6895,47.5824,3,1
35,car1,48.6895,47.5824,4,1
36,car1,48.6895,47.5824,5,1
37,car1,48.6895,47.5824,6,1
38,car1,48.6895,47.5824,7,1
39,car1,48.6895,47.5824,8,1
40,car1,48.6895,47.5824,9,1
41,car1,48.6895,47.5824,10,1
42,car1,48.6895,47.5824,11,1
43,car1,48.6895,47.5824,12,1
44,car1,48.6895,47.5824,13,1
45,car1,48.6896,47.5824,14,1
46,car1,63.8989,41.4171,15,1
47,car1,63.8989,41.4171,16,1
48,car1,63.8989,41.4171,17,1
49,car1,63.8989,41.4171,18,1
50,car1,63.8989,41.4171,19,1
51,car1,63.8989,41.4171,20,1
52,car1,63.899,41.4171,21,1
53,car1,48.6896,47.5824,22,1
54,car1,63.8989,41.4171,23,1
55,car1,63.8989,41.4171,24,1
56,car1,63.8989,41.4171,25,1
57,car1,63.8989,41.4171,26,1
58,car1,63.8989,41.4171,27,1
59,car1,63.8989,41.4171,28,1
60,car1,63.8989,41.4171,29,1
61,car1,63.8989,41.4171,30,1
62,car2,48.6895,47.5824,0,1
63,car2,48.6895,47.5824,1,1
64,car2,48.6895,47.5824,2,1
65,car2,48.6895,47.5824,3,1
66,car2,48.6895,47.5824,4,1
67,car2,48.6895,47.5824,5,1
68,car2,48.6895,47.5824,6,1
69,car2,48.6895,47.5824,7,1
70,car2,48.6895,47.5824,8,1
71,car2,48.6895,47.5824,9,1
72,car2,48.6895,47.5824,10,1
73,car2,48.6895,47.5824,11,1
74,car2,48.6895,47.5824,12,1
75,car2,48.6895,47.5824,13,1
76,car2,48.6895,47.5824,14,1
77,car2,48.6895,47.5824,15,1
78,car2,48.6895,47.5824,16,1
79,car2,48.6895,47.5824,17,1
80,car2,48.6895,47.5824,18,1
81,car2,48.6895,47.5824,19,1
82,car2,48.6895,47.5824,20,1
83,car2,48.6896,47.5824,21,1
84,car2,36.1012,47.6615,22,1
85,car2,48.6896,47.5824,23,1
86,car2,53.0578,64.0508,24,1
87,car2,53.0578,64.0508,25,1
88,car2,53.0578,64.0508,26,1
89,car2,53.0578,64.0508,27,1
90,car2,53.0578,64.0508,28,1
91,car2,53.0578,64.0508,29,1
92,car2,53.0578,64.0508,30,1
93,car3,48.6895,47.5824,0,1
94,car3,48.6895,47.5824,1,1
95,car3,48.6895,47.5824,2,1
96,car3,48.6895,47.5824,3,1
97,car3,48.6895,47.5824,4,1
98,car3,48.6895,47.5824,5,1
99,car3,48.6895,47.5824,6,1
100,car3,48.6895,47.5824,7,1
101,car3,48.6895,47.5824,8,1
102,car3,48.6895,47.5824,9,1
103,car3,48.6895,47.5824,10,1
104,car3,48.6895,47.5824,11,1
105,car3,48.6895,47.5824,12,1
106,car3,48.6895,47.5824,13,1
107,car3,48.6895,47.5824,14,1
108,car3,48.6895,47.5824,15,1
109,car3,48.6895,47.5824,16,1
110,car3,48.6895,47.5824,17,1
111,car3,48.6895,47.5824,18,1
112,car3,48.6895,47.5824,19,1
113,car3,48.6895,47.5824,20,1
114,car3,48.6895,47.5824,21,1
115,car3,48.6895,47.5824,22,1
116,car3,48.6895,47.5824,23,1
117,car3,48.6895,47.5824,24,1
118,car3,48.6895,47.5824,25,1
119,car3,48.6895,47.5824,26,1
120,car3,48.6895,47.5824,27,1
121,car3,48.6895,47.5824,28,1
122,car3,48.6895,47.5824,29,1
123,car3,48.6895,47.5824,30,1
124,car4,48.6895,47.5824,0,1
125,car4,48.6895,47.5824,1,1
126,car4,48.6895,47.5824,2,1
127,car4,48.6895,47.5824,3,1
128,car4,48.6895,47.5824,4,1
129,car4,48.6895,47.5824,5,1
130,car4,48.6895,47.5824,6,1
131,car4,48.6895,47.5824,7,1
132,car4,48.6895,47.5824,8,1
133,car4,48.6895,47.5824,9,1
134,car4,48.6895,47.5824,10,1
135,car4,48.6895,47.5824,11,1
136,car4,48.6895,47.5824,12,1
137,car4,48.6895,47.5824,13,1
138,car4,48.6895,47.5824,14,1
139,car4,48.6895,47.5824,15,1
140,car4,48.6895,47.5824,16,1
141,car4,48.6895,47.5824,17,1
142,car4,48.6895,47.5824,18,1
143,car4,48.6895,47.5824,19,1
144,car4,48.6895,47.5824,20,1
145,car4,48.6895,47.5824,21,1
146,car4,48.6895,47.5824,22,1
147,car4,48.6895,47.5824,23,1
148,car4,48.6895,47.5824,24,1
149,car4,48.6895,47.5824,25,1
150,car4,48.6895,47.5824,26,1
151,car4,48.6895,47.5824,27,1
152,car4,48.6895,47.5824,28,1
153,car4,48.6895,47.5824,29,1
154,car4,48.6895,47.5824,30,1
155,car5,53.0578,64.0508,0,1
156,car5,53.0578,64.0508,1,1
157,car5,53.0578,64.0508,2,1
158,car5,53.0579,64.0508,3,1
159,car5,36.1011,47.6615,4,1
160,car5,36.1011,47.6615,5,1
161,car5,36.1011,47.6615,6,1
162,car5,36.1011,47.6615,7,1
163,car5,36.1011,47.6615,8,1
164,car5,36.1012,47.6615,9,1
165,car5,48.6895,47.5824,10,1
166,car5,48.6895,47.5824,11,1
167,car5,48.6895,47.5824,12,1
168,car5,48.6895,47.5824,13,1
169,car5,48.6895,47.5824,14,1
170,car5,48.6895,47.5824,15,1
171,car5,48.6895,47.5824,16,1
172,car5,48.6895,47.5824,17,1
173,car5,48.6895,47.5824,18,1
174,car5,48.6895,47.5824,19,1
175,car5,48.6895,47.5824,20,1
176,car5,48.6895,47.5824,21,1
177,car5,48.6895,47.5824,22,1
178,car5,48.6895,47.5824,23,1
179,car5,48.6895,47.5824,24,1
180,car5,48.6895,47.5824,25,1
181,car5,48.6895,47.5824,26,1
182,car5,48.6895,47.5824,27,1
183,car5,48.6895,47.5824,28,1
184,car5,48.6895,47.5824,29,1
185,car5,48.6895,47.5824,30,1
186,car6,53.0578,64.0508,0,1
187,car6,53.0578,64.0508,1,1
188,car6,53.0578,64.0508,2,1
189,car6,53.0578,64.0508,3,1
190,car6,53.0578,64.0508,4,1
191,car6,53.0578,64.0508,5,1
192,car6,53.0578,64.0508,6,1
193,car6,53.0578,64.0508,7,1
194,car6,53.0578,64.0508,8,1
195,car6,53.0579,64.0508,9,1
196,car6,36.1011,47.6615,10,1
197,car6,36.1011,47.6615,11,1
198,car6,36.1011,47.6615,12,1
199,car6,36.1011,47.6615,13,1
200,car6,36.1012,47.6615,14,1
201,car6,47.1516,35.9492,15,1
202,car6,47.1516,35.9492,16,1
203,car6,47.1516,35.9492,17,1
204,car6,47.1516,35.9492,18,1
205,car6,47.1517,35.9492,19,1
206,car6,36.1011,47.6615,20,1
207,car6,36.1012,47.6615,21,1
208,car6,48.6895,47.5824,22,1
209,car6,48.6895,47.5824,23,1
210,car6,48.6895,47.5824,24,1
211,car6,48.6895,47.5824,25,1
212,car6,48.6895,47.5824,26,1
213,car6,48.6895,47.5824,27,1
214,car6,48.6895,47.5824,28,1
215,car6,48.6895,47.5824,29,1
216,car6,48.6895,47.5824,30,1
217,car7,53.0578,64.0508,0,1
218,car7,53.0578,64.0508,1,1
219,car7,53.0578,64.0508,2,1
220,car7,53.0578,64.0508,3,1
221,car7,53.0578,64.0508,4,1
222,car7,53.0578,64.0508,5,1
223,car7,53.0578,64.0508,6,1
224,car7,53.0578,64.0508,7,1
225,car7,53.0578,64.0508,8,1
226,car7,53.0578,64.0508,9,1
227,car7,53.0578,64.0508,10,1
228,car7,53.0578,64.0508,11,1
229,car7,53.0578,64.0508,12,1
230,car7,53.0579,64.0508,13,1
231,car7,47.1516,35.9492,14,1
232,car7,47.1516,35.9492,15,1
233,car7,47.1516,35.9492,16,1
234,car7,47.1516,35.9492,17,1
235,car7,47.1516,35.9492,18,1
236,car7,47.1516,35.9492,19,1
237,car7,47.1516,35.9492,20,1
238,car7,47.1516,35.9492,21,1
239,car7,47.1517,35.9492,22,1
240,car7,36.1011,47.6615,23,1
241,car7,36.1011,47.6615,24,1
242,car7,36.1011,47.6615,25,1
243,car7,36.1011,47.6615,26,1
244,car7,36.1011,47.6615,27,1
245,car7,36.1011,47.6615,28,1
246,car7,36.1011,47.6615,29,1
247,car7,36.1011,47.6615,30,1
248,car8,53.0578,64.0508,0,1
249,car8,53.0578,64.0508,1,1
250,car8,53.0578,64.0508,2,1
251,car8,53.0578,64.0508,3,1
252,car8,53.0578,64.0508,4,1
253,car8,53.0578,64.0508,5,1
254,car8,53.0578,64.0508,6,1
255,car8,53.0578,64.0508,7,1
256,car8,53.0578,64.0508,8,1
257,car8,53.0578,64.0508,9,1
258,car8,53.0578,64.0508,10,1
259,car8,53.0578,64.0508,11,1
260,car8,53.0578,64.0508,12,1
261,car8,53.0578,64.0508,13,1
262,car8,53.0578,64.0508,14,1
263,car8,53.0578,64.0508,15,1
264,car8,53.0578,64.0508,16,1
265,car8,53.0578,64.0508,17,1
266,car8,53.0578,64.0508,18,1
267,car8,53.0578,64.0508,19,1
268,car8,53.0578,64.0508,20,1
269,car8,53.0578,64.0508,21,1
270,car8,53.0578,64.0508,22,1
271,car8,53.0578,64.0508,23,1
272,car8,53.0578,64.0508,24,1
273,car8,53.0578,64.0508,25,1
274,car8,53.0578,64.0508,26,1
275,car8,53.0578,64.0508,27,1
276,car8,53.0578,64.0508,28,1
277,car8,53.0578,64.0508,29,1
278,car8,53.0578,64.0508,30,1
279,car9,53.0578,64.0508,0,1
280,car9,53.0578,64.0508,1,1
281,car9,53.0578,64.0508,2,1
282,car9,53.0578,64.0508,3,1
283,car9,53.0578,64.0508,4,1
284,car9,53.0578,64.0508,5,1
285,car9,53.0578,64.0508,6,1
286,car9,53.0578,64.0508,7,1
287,car9,53.0578,64.0508,8,1
288,car9,53.0578,64.0508,9,1
289,car9,53.0578,64.0508,10,1
290,car9,53.0578,64.0508,11,1
291,car9,53.0578,64.0508,12,1
292,car9,53.0578,64.0508,13,1
293,car9,53.0578,64.0508,14,1
294,car9,53.0578,64.0508,15,1
295,car9,53.0578,64.0508,16,1
296,car9,53.0578,64.0508,17,1
297,car9,53.0578,64.0508,18,1
298,car9,53.0578,64.0508,19,1
299,car9,53.0578,64.0508,20,1
300,car9,53.0578,64.0508,21,1
301,car9,53.0578,64.0508,22,1
302,car9,53.0578,64.0508,23,1
303,car9,53.0578,64.0508,24,1
304,car9,53.0578,64.0508,25,1
305,car9,53.0578,64.0508,26,1
306,car9,53.0578,64.0508,27,1
307,car9,53.0578,64.0508,28,1
308,car9,53.0578,64.0508,29,1
309,car9,53.0578,64.0508,30,1
310,car10,53.0578,64.0508,0,1
311,car10,53.0578,64.0508,1,1
312,car10,53.0578,64.0508,2,1
313,car10,53.0578,64.0508,3,1
314,car10,53.0578,64.0508,4,1
315,car10,53.0578,64.0508,5,1
316,car10,53.0578,64.0508,6,1
317,car10,53.0578,64.0508,7,1
318,car10,53.0578,64.0508,8,1
319,car10,53.0578,64.0508,9,1
320,car10,53.0578,64.0508,10,1
321,car10,53.0578,64.0508,11,1
322,car10,53.0578,64.0508,12,1
323,car10,53.0578,64.0508,13,1
324,car10,53.0578,64.0508,14,1
325,car10,53.0578,64.0508,15,1
326,car10,53.0578,64.0508,16,1
327,car10,53.0578,64.0508,17,1
328,car10,53.0578,64.0508,18,1
329,car10,53.0578,64.0508,19,1
330,car10,53.0578,64.0508,20,1
331,car10,53.0578,64.0508,21,1
332,car10,53.0578,64.0508,22,1
333,car10,53.0578,64.0508,23,1
334,car10,53.0578,64.0508,24,1
335,car10,53.0578,64.0508,25,1
336,car10,53.0578,64.0508,26,1
337,car10,53.0578,64.0508,27,1
338,car10,53.0578,64.0508,28,1
339,car10,53.0578,64.0508,29,1
340,car10,53.0578,64.0508,30,1
341,car11,53.0578,64.0508,0,1
342,car11,53.0578,64.0508,1,1
343,car11,53.0578,64.0508,2,1
344,car11,53.0578,64.0508,3,1
345,car11,53.0578,64.0508,4,1
346,car11,53.0578,64.0508,5,1
347,car11,53.0578,64.0508,6,1
348,car11,53.0578,64.0508,7,1
349,car11,53.0578,64.0508,8,1
350,car11,53.0578,64.0508,9,1
351,car11,53.0578,64.0508,10,1
352,car11,53.0578,64.0508,11,1
353,car11,53.0578,64.0508,12,1
354,car11,53.0578,64.0508,13,1
355,car11,53.0578,64.0508,14,1
356,car11,53.0578,64.0508,15,1
357,car11,53.0578,64.0508,16,1
358,car11,53.0578,64.0508,17,1
359,car11,53.0578,64.0508,18,1
360,car11,53.0578,64.0508,19,1
361,car11,53.0578,64.0508,20,1
362,car11,53.0578,64.0508,21,1
363,car11,53.0578,64.0508,22,1
364,car11,53.0578,64.0508,23,1
365,car11,53.0578,64.0508,24,1
366,car11,53.0578,64.0508,25,1
367,car11,53.0578,64.0508,26,1
368,car11,53.0578,64.0508,27,1
369,car11,53.0578,64.0508,28,1
370,car11,53.0578,64.0508,29,1
371,car11,53.0578,64.0508,30,1
372,car12,53.0578,64.0508,0,1
373,car12,53.0578,64.0508,1,1
374,car12,53.0578,64.0508,2,1
375,car12,53.0578,64.0508,3,1
376,car12,53.0578,64.0508,4,1
377,car12,53.0578,64.0508,5,1
378,car12,53.0578,64.0508,6,1
379,car12,53.0578,64.0508,7,1
380,car12,53.0578,64.0508,8,1
381,car12,53.0578,64.0508,9,1
382,car12,53.0578,64.0508,10,1
383,car12,53.0578,64.0508,11,1
384,car12,53.0578,64.0508,12,1
385,car12,53.0578,64.0508,13,1
386,car12,53.0578,64.0508,14,1
387,car12,53.0578,64.0508,15,1
388,car12,53.0578,64.0508,16,1
389,car12,53.0578,64.0508,17,1
390,car12,53.0578,64.0508,18,1
391,car12,53.0578,64.0508,19,1
392,car12,53.0578,64.0508,20,1
393,car12,53.0578,64.0508,21,1
394,car12,53.0578,64.0508,22,1
395,car12,53.0578,64.0508,23,1
396,car12,53.0578,64.0508,24,1
397,car12,53.0578,64.0508,25,1
398,car12,53.0578,64.0508,26,1
399,car12,53.0578,64.0508,27,1
400,car12,53.0578,64.0508,28,1
401,car12,53.0578,64.0508,29,1
402,car12,53.0578,64.0508,30,1
403,car13,53.0578,64.0508,0,1
404,car13,53.0578,64.0508,1,1
405,car13,53.0578,64.0508,2,1
406,car13,53.0578,64.0508,3,1
407,car13,53.0578,64.0508,4,1
408,car13,53.0578,64.0508,5,1
409,car13,53.0578,64.0508,6,1
410,car13,53.0578,64.0508,7,1
411,car13,53.0578,64.0508,8,1
412,car13,53.0578,64.0508,9,1
413,car13,53.0578,64.0508,10,1
414,car13,53.0578,64.0508,11,1
415,car13,53.0578,64.0508,12,1
416,car13,53.0578,64.0508,13,1
417,car13,53.0578,64.0508,14,1
418,car13,53.0578,64.0508,15,1
419,car13,53.0578,64.0508,16,1
420,car13,53.0578,64.0508,17,1
421,car13,53.0578,64.0508,18,1
422,car13,53.0578,64.0508,19,1
423,car13,53.0578,64.0508,20,1
424,car13,53.0578,64.0508,21,1
425,car13,53.0578,64.0508,22,1
426,car13,53.0578,64.0508,23,1
427,car13,53.0578,64.0508,24,1
428,car13,53.0578,64.0508,25,1
429,car13,53.0578,64.0508,26,1
430,car13,53.0578,64.0508,27,1
431,car13,53.0578,64.0508,28,1
432,car13,53.0578,64.0508,29,1
433,car13,53.0578,64.0508,30,1
434,car14,53.0578,64.0508,0,1
435,car14,53.0578,64.0508,1,1
436,car14,53.0578,64.0508,2,1
437,car14,53.0578,64.0508,3,1
438,car14,53.0578,64.0508,4,1
439,car14,53.0578,64.0508,5,1
440,car14,53.0578,64.0508,6,1
441,car14,53.0578,64.0508,7,1
442,car14,53.0578,64.0508,8,1
443,car14,53.0578,64.0508,9,1
444,car14,53.0578,64.0508,10,1
445,car14,53.0578,64.0508,11,1
446,car14,53.0578,64.0508,12,1
447,car14,53.0578,64.0508,13,1
448,car14,53.0578,64.0508,14,1
449,car14,53.0578,64.0508,15,1
450,car14,53.0578,64.0508,16,1
451,car14,53.0578,64.0508,17,1
452,car14,53.0578,64.0508,18,1
453,car14,53.0578,64.0508,19,1
454,car14,53.0578,64.0508,20,1
455,car14,53.0578,64.0508,21,1
456,car14,53.0578,64.0508,22,1
457,car14,53.0578,64.0508,23,1
458,car14,53.0578,64.0508,24,1
459,car14,53.0578,64.0508,25,1
460,car14,53.0578,64.0508,26,1
461,car14,53.0578,64.0508,27,1
462,car14,53.0578,64.0508,28,1
463,car14,53.0578,64.0508,29,1
464,car14,53.0578,64.0508,30,1
465,car15,53.0578,64.0508,0,1
466,car15,53.0578,64.0508,1,1
467,car15,53.0578,64.0508,2,1
468,car15,53.0578,64.0508,3,1
469,car15,53.0578,64.0508,4,1
470,car15,53.0578,64.0508,5,1
471,car15,53.0578,64.0508,6,1
472,car15,53.0578,64.0508,7,1
473,car15,53.0578,64.0508,8,1
474,car15,53.0578,64.0508,9,1
475,car15,53.0578,64.0508,10,1
476,car15,53.0578,64.0508,11,1
477,car15,53.0578,64.0508,12,1
478,car15,53.0578,64.0508,13,1
479,car15,53.0578,64.0508,14,1
480,car15,53.0578,64.0508,15,1
481,car15,53.0578,64.0508,16,1
482,car15,53.0578,64.0508,17,1
483,car15,53.0578,64.0508,18,1
484,car15,53.0578,64.0508,19,1
485,car15,53.0578,64.0508,20,1
486,car15,53.0578,64.0508,21,1
487,car15,53.0578,64.0508,22,1
488,car15,53.0578,64.0508,23,1
489,car15,53.0578,64.0508,24,1
490,car15,53.0578,64.0508,25,1
491,car15,53.0578,64.0508,26,1
492,car15,53.0578,64.0508,27,1
493,car15,53.0578,64.0508,28,1
494,car15,53.0578,64.0508,29,1
495,car15,53.0578,64.0508,30,1
496,car16,53.0578,64.0508,0,1
497,car16,53.0578,64.0508,1,1
498,car16,53.0578,64.0508,2,1
499,car16,53.0578,64.0508,3,1
500,car16,53.0578,64.0508,4,1
501,car16,53.0578,64.0508,5,1
502,car16,53.0578,64.0508,6,1
503,car16,53.0578,64.0508,7,1
504,car16,53.0578,64.0508,8,1
505,car16,53.0578,64.0508,9,1
506,car16,53.0578,64.0508,10,1
507,car16,53.0578,64.0508,11,1
508,car16,53.0578,64.0508,12,1
509,car16,53.0578,64.0508,13,1
510,car16,53.0578,64.0508,14,1
511,car16,53.0578,64.0508,15,1
512,car16,53.0578,64.0508,16,1
513,car16,53.0578,64.0508,17,1
514,car16,53.0578,64.0508,18,1
515,car16,53.0578,64.0508,19,1
516,car16,53.0578,64.0508,20,1
517,car16,53.0578,64.0508,21,1
518,car16,53.0578,64.0508,22,1
519,car16,53.0578,64.0508,23,1
520,car16,53.0578,64.0508,24,1
521,car16,53.0578,64.0508,25,1
522,car16,53.0578,64.0508,26,1
523,car16,53.0578,64.0508,27,1
524,car16,53.0578,64.0508,28,1
525,car16,53.0578,64.0508,29,1
526,car16,53.0578,64.0508,30,1
527,car17,53.0578,64.0508,0,1
528,car17,53.0578,64.0508,1,1
529,car17,53.0578,64.0508,2,1
530,car17,53.0578,64.0508,3,1
531,car17,53.0578,64.0508,4,1
532,car17,53.0578,64.0508,5,1
533,car17,53.0578,64.0508,6,1
534,car17,53.0578,64.0508,7,1
535,car17,53.0578,64.0508,8,1
536,car17,53.0578,64.0508,9,1
537,car17,53.0578,64.0508,10,1
538,car17,53.0578,64.0508,11,1
539,car17,53.0578,64.0508,12,1
540,car17,53.0578,64.0508,13,1
541,car17,53.0578,64.0508,14,1
542,car17,53.0578,64.0508,15,1
543,car17,53.0578,64.0508,16,1
544,car17,53.0578,64.0508,17,1
545,car17,53.0578,64.0508,18,1
546,car17,53.0578,64.0508,19,1
547,car17,53.0578,64.0508,20,1
548,car17,53.0578,64.0508,21,1
549,car17,53.0578,64.0508,22,1
550,car17,53.0578,64.0508,23,1
551,car17,53.0578,64.0508,24,1
552,car17,53.0578,64.0508,25,1
553,car17,53.0578,64.0508,26,1
554,car17,53.0578,64.0508,27,1
555,car17,53.0578,64.0508,28,1
556,car17,53.0578,64.0508,29,1
557,car17,53.0578,64.0508,30,1
558,car18,53.0578,64.0508,0,1
559,car18,53.0578,64.0508,1,1
560,car18,53.0578,64.0508,2,1
561,car18,53.0578,64.0508,3,1
562,car18,53.0578,64.0508,4,1
563,car18,53.0578,64.0508,5,1
564,car18,53.0578,64.0508,6,1
565,car18,53.0578,64.0508,7,1
566,car18,53.0578,64.0508,8,1
567,car18,53.0578,64.0508,9,1
568,car18,53.0578,64.0508,10,1
569,car18,53.0578,64.0508,11,1
570,car18,53.0578,64.0508,12,1
571,car18,53.0578,64.0508,13,1
572,car18,53.0578,64.0508,14,1
573,car18,53.0578,64.0508,15,1
574,car18,53.0578,64.0508,16,1
575,car18,53.0578,64.0508,17,1
576,car18,53.0578,64.0508,18,1
577,car18,53.0578,64.0508,19,1
578,car18,53.0578,64.0508,20,1
579,car18,53.0578,64.0508,21,1
580,car18,53.0578,64.0508,22,1
581,car18,53.0578,64.0508,23,1
582,car18,53.0578,64.0508,24,1
583,car18,53.0578,64.0508,25,1
584,car18,53.0578,64.0508,26,1
585,car18,53.0578,64.0508,27,1
586,car18,53.0578,64.0508,28,1
587,car18,53.0578,64.0508,29,1
588,car18,53.0578,64.0508,30,1
589,car19,53.0578,64.0508,0,1
590,car19,53.0578,64.0508,1,1
591,car19,53.0578,64.0508,2,1
592,car19,53.0578,64.0508,3,1
593,car19,53.0578,64.0508,4,1
594,car19,53.0578,64.0508,5,1
595,car19,53.0578,64.0508,6,1
596,car19,53.0578,64.0508,7,1
597,car19,53.0578,64.0508,8,1
598,car19,53.0578,64.0508,9,1
599,car19,53.0578,64.0508,10,1
600,car19,53.0578,64.0508,11,1
601,car19,53.0578,64.0508,12,1
602,car19,53.0578,64.0508,13,1
603,car19,53.0578,64.0508,14,1
604,car19,53.0578,64.0508,15,1
605,car19,53.0578,64.0508,16,1
606,car19,53.0578,64.0508,17,1
607,car19,53.0578,64.0508,18,1
608,car19,53.0578,64.0508,19,1
609,car19,53.0578,64.0508,20,1
610,car19,53.0578,64.0508,21,1
611,car19,53.0578,64.0508,22,1
612,car19,53.0578,64.0508,23,1
613,car19,53.0578,64.0508,24,1
614,car19,53.0578,64.0508,25,1
615,car19,53.0578,64.0508,26,1
616,car19,53.0578,64.0508,27,1
617,car19,53.0578,64.0508,28,1
618,car19,53.0578,64.0508,29,1
619,car19,53.0578,64.0508,30,1
620,car20,53.0578,64.0508,0,1
621,car20,53.0578,64.0508,1,1
622,car20,53.0578,64.0508,2,1
623,car20,53.0578,64.0508,3,1
624,car20,53.0578,64.0508,4,1
625,car20,53.0578,64.0508,5,1
626,car20,53.0578,64.0508,6,1
627,car20,53.0578,64.0508,7,1
628,car20,53.0578,64.0508,8,1
629,car20,53.0578,64.0508,9,1
630,car20,53.0578,64.0508,10,1
631,car20,53.0578,64.0508,11,1
632,car20,53.0578,64.0508,12,1
633,car20,53.0578,64.0508,13,1
634,car20,53.0578,64.0508,14,1
635,car20,53.0578,64.0508,15,1
636,car20,53.0578,64.0508,16,1
637,car20,53.0578,64.0508,17,1
638,car20,53.0578,64.0508,18,1
639,car20,53.0578,64.0508,19,1
640,car20,53.0578,64.0508,20,1
641,car20,53.0578,64.0508,21,1
642,car20,53.0578,64.0508,22,1
643,car20,53.0578,64.0508,23,1
644,car20,53.0578,64.0508,24,1
645,car20,53.0578,64.0508,25,1
646,car20,53.0578,64.0508,26,1
647,car20,53.0578,64.0508,27,1
648,car20,53.0578,64.0508,28,1
649,car20,53.0578,64.0508,29,1
650,car20,53.0578,64.0508,30,1
651,car21,53.0578,64.0508,0,1
652,car21,53.0578,64.0508,1,1
653,car21,53.0578,64.0508,2,1
654,car21,53.0578,64.0508,3,1
655,car21,53.0578,64.0508,4,1
656,car21,53.0578,64.0508,5,1
657,car21,53.0578,64.0508,6,1
658,car21,53.0578,64.0508,7,1
659,car21,53.0578,64.0508,8,1
660,car21,53.0578,64.0508,9,1
661,car21,53.0578,64.0508,10,1
662,car21,53.0578,64.0508,11,1
663,car21,53.0578,64.0508,12,1
664,car21,53.0578,64.0508,13,1
665,car21,53.0578,64.0508,14,1
666,car21,53.0578,64.0508,15,1
667,car21,53.0578,64.0508,16,1
668,car21,53.0578,64.0508,17,1
669,car21,53.0578,64.0508,18,1
670,car21,53.0578,64.0508,19,1
671,car21,53.0578,64.0508,20,1
672,car21,53.0578,64.0508,21,1
673,car21,53.0578,64.0508,22,1
674,car21,53.0578,64.0508,23,1
675,car21,53.0578,64.0508,24,1
676,car21,53.0578,64.0508,25,1
677,car21,53.0578,64.0508,26,1
678,car21,53.0578,64.0508,27,1
679,car21,53.0578,64.0508,28,1
680,car21,53.0578,64.0508,29,1
681,car21,53.0578,64.0508,30,1
682,car22,53.0578,64.0508,0,1
683,car22,53.0578,64.0508,1,1
684,car22,53.0578,64.0508,2,1
685,car22,53.0578,64.0508,3,1
686,car22,53.0578,64.0508,4,1
687,car22,53.0578,64.0508,5,1
688,car22,53.0578,64.0508,6,1
689,car22,53.0578,64.0508,7,1
690,car22,53.0578,64.0508,8,1
691,car22,53.0578,64.0508,9,1
692,car22,53.0578,64.0508,10,1
693,car22,53.0578,64.0508,11,1
694,car22,53.0578,64.0508,12,1
695,car22,53.0578,64.0508,13,1
696,car22,53.0578,64.0508,14,1
697,car22,53.0578,64.0508,15,1
698,car22,53.0578,64.0508,16,1
699,car22,53.0578,64.0508,17,1
700,car22,53.0578,64.0508,18,1
701,car22,53.0578,64.0508,19,1
702,car22,53.0578,64.0508,20,1
703,car22,53.0578,64.0508,21,1
704,car22,53.0578,64.0508,22,1
705,car22,53.0578,64.0508,23,1
706,car22,53.0578,64.0508,24,1
707,car22,53.0578,64.0508,25,1
708,car22,53.0578,64.0508,26,1
709,car22,53.0578,64.0508,27,1
710,car22,53.0578,64.0508,28,1
711,car22,53.0578,64.0508,29,1
712,car22,53.0578,64.0508,30,1
713,car23,53.0578,64.0508,0,1
714,car23,53.0578,64.0508,1,1
715,car23,53.0578,64.0508,2,1
716,car23,53.0578,64.0508,3,1
717,car23,53.0578,64.0508,4,1
718,car23,53.0578,64.0508,5,1
719,car23,53.0578,64.0508,6,1
720,car23,53.0578,64.0508,7,1
721,car23,53.0578,64.0508,8,1
722,car23,53.0578,64.0508,9,1
723,car23,53.0578,64.0508,10,1
724,car23,53.0578,64.0508,11,1
725,car23,53.0578,64.0508,12,1
726,car23,53.0578,64.0508,13,1
727,car23,53.0578,64.0508,14,1
728,car23,53.0578,64.0508,15,1
729,car23,53.0578,64.0508,16,1
730,car23,53.0578,64.0508,17,1
731,car23,53.0578,64.0508,18,1
732,car23,53.0578,64.0508,19,1
733,car23,53.0578,64.0508,20,1
734,car23,53.0578,64.0508,21,1
735,car23,53.0578,64.0508,22,1
736,car23,53.0578,64.0508,23,1
737,car23,53.0578,64.0508,24,1
738,car23,53.0578,64.0508,25,1
739,car23,53.0578,64.0508,26,1
740,car23,53.0578,64.0508,27,1
741,car23,53.0578,64.0508,28,1
742,car23,53.0578,64.0508,29,1
743,car23,53.0578,64.0508,30,1
744,car24,53.0578,64.0508,0,1
745,car24,53.0578,64.0508,1,1
746,car24,53.0578,64.0508,2,1
747,car24,53.0578,64.0508,3,1
748,car24,53.0578,64.0508,4,1
749,car24,53.0578,64.0508,5,1
750,car24,53.0578,64.0508,6,1
751,car24,53.0578,64.0508,7,1
752,car24,53.0578,64.0508,8,1
753,car24,53.0578,64.0508,9,1
754,car24,53.0578,64.0508,10,1
755,car24,53.0578,64.0508,11,1
756,car24,53.0578,64.0508,12,1
757,car24,53.0578,64.0508,13,1
758,car24,53.0578,64.0508,14,1
759,car24,53.0578,64.0508,15,1
760,car24,53.0578,64.0508,16,1
761,car24,53.0578,64.0508,17,1
762,car24,53.0578,64.0508,18,1
763,car24,53.0578,64.0508,19,1
764,car24,53.0578,64.0508,20,1
765,car24,53.0578,64.0508,21,1
766,car24,53.0578,64.0508,22,1
767,car24,53.0578,64.0508,23,1
768,car24,53.0578,64.0508,24,1
769,car24,53.0578,64.0508,25,1
770,car24,53.0578,64.0508,26,1
771,car24,53.0578,64.0508,27,1
772,car24,53.0578,64.0508,28,1
773,car24,53.0578,64.0508,29,1
774,car24,53.0578,64.0508,30,1
775,car25,53.0578,64.0508,0,1
776,car25,53.0578,64.0508,1,1
777,car25,53.0578,64.0508,2,1
778,car25,53.0578,64.0508,3,1
779,car25,53.0578,64.0508,4,1
780,car25,53.0578,64.0508,5,1
781,car25,53.0578,64.0508,6,1
782,car25,53.0578,64.0508,7,1
783,car25,53.0578,64.0508,8,1
784,car25,53.0578,64.0508,9,1
785,car25,53.0578,64.0508,10,1
786,car25,53.0578,64.0508,11,1
787,car25,53.0578,64.0508,12,1
788,car25,53.0578,64.0508,13,1
789,car25,53.0578,64.0508,14,1
790,car25,53.0578,64.0508,15,1
791,car25,53.0578,64.0508,16,1
792,car25,53.0578,64.0508,17,1
793,car25,53.0578,64.0508,18,1
794,car25,53.0578,64.0508,19,1
795,car25,53.0578,64.0508,20,1
796,car25,53.0578,64.0508,21,1
797,car25,53.0578,64.0508,22,1
798,car25,53.0578,64.0508,23,1
799,car25,53.0578,64.0508,24,1
800,car25,53.0578,64.0508,25,1
801,car25,53.0578,64.0508,26,1
802,car25,53.0578,64.0508,27,1
803,car25,53.0578,64.0508,28,1
804,car25,53.0578,64.0508,29,1
805,car25,53.0578,64.0508,30,1
806,car26,53.0578,64.0508,0,1
807,car26,53.0578,64.0508,1,1
808,car26,53.0578,64.0508,2,1
809,car26,53.0578,64.0508,3,1
810,car26,53.0578,64.0508,4,1
811,car26,53.0578,64.0508,5,1
812,car26,53.0578,64.0508,6,1
813,car26,53.0578,64.0508,7,1
814,car26,53.0578,64.0508,8,1
815,car26,53.0578,64.0508,9,1
816,car26,53.0578,64.0508,10,1
817,car26,53.0578,64.0508,11,1
818,car26,53.0578,64.0508,12,1
819,car26,53.0578,64.0508,13,1
820,car26,53.0578,64.0508,14,1
821,car26,53.0578,64.0508,15,1
822,car26,53.0578,64.0508,16,1
823,car26,53.0578,64.0508,17,1
824,car26,53.0578,64.0508,18,1
825,car26,53.0578,64.0508,19,1
826,car26,53.0578,64.0508,20,1
827,car26,53.0578,64.0508,21,1
828,car26,53.0578,64.0508,22,1
829,car26,53.0578,64.0508,23,1
830,car26,53.0578,64.0508,24,1
831,car26,53.0578,64.0508,25,1
832,car26,53.0578,64.0508,26,1
833,car26,53.0578,64.0508,27,1
834,car26,53.0578,64.0508,28,1
835,car26,53.0578,64.0508,29,1
836,car26,53.0578,64.0508,30,1
837,car27,53.0578,64.0508,0,1
838,car27,53.0578,64.0508,1,1
839,car27,53.0578,64.0508,2,1
840,car27,53.0578,64.0508,3,1
841,car27,53.0578,64.0508,4,1
842,car27,53.0578,64.0508,5,1
843,car27,53.0578,64.0508,6,1
844,car27,53.0578,64.0508,7,1
845,car27,53.0578,64.0508,8,1
846,car27,53.0578,64.0508,9,1
847,car27,53.0578,64.0508,10,1
848,car27,53.0578,64.0508,11,1
849,car27,53.0578,64.0508,12,1
850,car27,53.0578,64.0508,13,1
851,car27,53.0578,64.0508,14,1
852,car27,53.0578,64.0508,15,1
853,car27,53.0578,64.0508,16,1
854,car27,53.0578,64.0508,17,1
855,car27,53.0578,64.0508,18,1
856,car27,53.0578,64.0508,19,1
857,car27,53.0578,64.0508,20,1
858,car27,53.0578,64.0508,21,1
859,car27,53.0578,64.0508,22,1
860,car27,53.0578,64.0508,23,1
861,car27,53.0578,64.0508,24,1
862,car27,53.0578,64.0508,25,1
863,car27,53.0578,64.0508,26,1
864,car27,53.0578,64.0508,27,1
865,car27,53.0578,64.0508,28,1
866,car27,53.0578,64.0508,29,1
867,car27,53.0578,64.0508,30,1
868,car28,53.0578,64.0508,0,1
869,car28,53.0578,64.0508,1,1
870,car28,53.0578,64.0508,2,1
871,car28,53.0578,64.0508,3,1
872,car28,53.0578,64.0508,4,1
873,car28,53.0578,64.0508,5,1
874,car28,53.0578,64.0508,6,1
875,car28,53.0578,64.0508,7,1
876,car28,53.0578,64.0508,8,1
877,car28,53.0578,64.0508,9,1
878,car28,53.0578,64.0508,10,1
879,car28,53.0578,64.0508,11,1
880,car28,53.0578,64.0508,12,1
881,car28,53.0578,64.0508,13,1
882,car28,53.0578,64.0508,14,1
883,car28,53.0578,64.0508,15,1
884,car28,53.0578,64.0508,16,1
885,car28,53.0578,64.0508,17,1
886,car28,53.0578,64.0508,18,1
887,car28,53.0578,64.0508,19,1
888,car28,53.0578,64.0508,20,1
889,car28,53.0578,64.0508,21,1
890,car28,53.0578,64.0508,22,1
891,car28,53.0578,64.0508,23,1
892,car28,53.0578,64.0508,24,1
893,car28,53.0578,64.0508,25,1
894,car28,53.0578,64.0508,26,1
895,car28,53.0578,64.0508,27,1
896,car28,53.0578,64.0508,28,1
897,car28,53.0578,64.0508,29,1
898,car28,53.0578,64.0508,30,1
899,car29,53.0578,64.0508,0,1
900,car29,53.0578,64.0508,1,1
901,car29,53.0578,64.0508,2,1
902,car29,53.0578,64.0508,3,1
903,car29,53.0578,64.0508,4,1
904,car29,53.0578,64.0508,5,1
905,car29,53.0578,64.0508,6,1
906,car29,53.0578,64.0508,7,1
907,car29,53.0578,64.0508,8,1
908,car29,53.0578,64.0508,9,1
909,car29,53.0578,64.0508,10,1
910,car29,53.0578,64.0508,11,1
911,car29,53.0578,64.0508,12,1
912,car29,53.0578,64.0508,13,1
913,car29,53.0578,64.0508,14,1
914,car29,53.0578,64.0508,15,1
915,car29,53.0578,64.0508,16,1
916,car29,53.0578,64.0508,17,1
917,car29,53.0578,64.0508,18,1
918,car29,53.0578,64.0508,19,1
919,car29,53.0578,64.0508,20,1
920,car29,53.0578,64.0508,21,1
921,car29,53.0578,64.0508,22,1
922,car29,53.0578,64.0508,23,1
923,car29,53.0578,64.0508,24,1
924,car29,53.0578,64.0508,25,1
925,car29,53.0578,64.0508,26,1
926,car29,53.0578,64.0508,27,1
927,car29,53.0578,64.0508,28,1
928,car29,53.0578,64.0508,29,1
929,car29,53.0578,64.0508,30,1
930,car30,53.0578,64.0508,0,1
931,car30,53.0578,64.0508,1,1
932,car30,53.0578,64.0508,2,1
933,car30,53.0578,64.0508,3,1
934,car30,53.0578,64.0508,4,1
935,car30,53.0578,64.0508,5,1
936,car30,53.0578,64.0508,6,1
937,car30,53.0578,64.0508,7,1
938,car30,53.0578,64.0508,8,1
939,car30,53.0578,64.0508,9,1
940,car30,53.0578,64.0508,10,1
941,car30,53.0578,64.0508,11,1
942,car30,53.0578,64.0508,12,1
943,car30,53.0578,64.0508,13,1
944,car30,53.0578,64.0508,14,1
945,car30,53.0578,64.0508,15,1
946,car30,53.0578,64.0508,16,1
947,car30,53.0578,64.0508,17,1
948,car30,53.0578,64.0508,18,1
949,car30,53.0578,64.0508,19,1
950,car30,53.0578,64.0508,20,1
951,car30,53.0578,64.0508,21,1
952,car30,53.0578,64.0508,22,1
953,car30,53.0578,64.0508,23,1
954,car30,53.0578,64.0508,24,1
955,car30,53.0578,64.0508,25,1
956,car30,53.0578,64.0508,26,1
957,car30,53.0578,64.0508,27,1
958,car30,53.0578,64.0508,28,1
959,car30,53.0578,64.0508,29,1
960,car30,53.0578,64.0508,30,1
961,car31,53.0578,64.0508,0,1
962,car31,53.0578,64.0508,1,1
963,car31,53.0578,64.0508,2,1
964,car31,53.0578,64.0508,3,1
965,car31,53.0578,64.0508,4,1
966,car31,53.0578,64.0508,5,1
967,car31,53.0578,64.0508,6,1
968,car31,53.0578,64.0508,7,1
969,car31,53.0578,64.0508,8,1
970,car31,53.0578,64.0508,9,1
971,car31,53.0578,64.0508,10,1
972,car31,53.0578,64.0508,11,1
973,car31,53.0578,64.0508,12,1
974,car31,53.0578,64.0508,13,1
975,car31,53.0578,64.0508,14,1
976,car31,53.0578,64.0508,15,1
977,car31,53.0578,64.0508,16,1
978,car31,53.0578,64.0508,17,1
979,car31,53.0578,64.0508,18,1
980,car31,53.0578,64.0508,19,1
981,car31,53.0578,64.0508,20,1
982,car31,53.0578,64.0508,21,1
983,car31,53.0578,64.0508,22,1
984,car31,53.0578,64.0508,23,1
985,car31,53.0578,64.0508,24,1
986,car31,53.0578,64.0508,25,1
987,car31,53.0578,64.0508,26,1
988,car31,53.0578,64.0508,27,1
989,car31,53.0578,64.0508,28,1
990,car31,53.0578,64.0508,29,1
991,car31,53.0578,64.0508,30,1
992,car32,53.0578,64.0508,0,1
993,car32,53.0578,64.0508,1,1
994,car32,53.0578,64.0508,2,1
995,car32,53.0578,64.0508,3,1
996,car32,53.0578,64.0508,4,1
997,car32,53.0578,64.0508,5,1
998,car32,53.0578,64.0508,6,1
999,car32,53.0578,64.0508,7,1
1000,car32,53.0578,64.0508,8,1
1001,car32,53.0578,64.0508,9,1
1002,car32,53.0578,64.0508,10,1
1003,car32,53.0578,64.0508,11,1
1004,car32,53.0578,64.0508,12,1
1005,car32,53.0578,64.0508,13,1
1006,car32,53.0578,64.0508,14,1
1007,car32,53.0578,64.0508,15,1
1008,car32,53.0578,64.0508,16,1
1009,car32,53.0578,64.0508,17,1
1010,car32,53.0578,64.0508,18,1
1011,car32,53.0578,64.0508,19,1
1012,car32,53.0578,64.0508,20,1
1013,car32,53.0578,64.0508,21,1
1014,car32,53.0578,64.0508,22,1
1015,car32,53.0578,64.0508,23,1
1016,car32,53.0578,64.0508,24,1
1017,car32,53.0578,64.0508,25,1
1018,car32,53.0578,64.0508,26,1
1019,car32,53.0578,64.0508,27,1
1020,car32,53.0578,64.0508,28,1
1021,car32,53.0578,64.0508,29,1
1022,car32,53.0578,64.0508,30,1
1023,car33,53.0578,64.0508,0,1
1024,car33,53.0578,64.0508,1,1
1025,car33,53.0578,64.0508,2,1
1026,car33,53.0578,64.0508,3,1
1027,car33,53.0578,64.0508,4,1
1028,car33,53.0578,64.0508,5,1
1029,car33,53.0578,64.0508,6,1
1030,car33,53.0578,64.0508,7,1
1031,car33,53.0578,64.0508,8,1
1032,car33,53.0578,64.0508,9,1
1033,car33,53.0578,64.0508,10,1
1034,car33,53.0578,64.0508,11,1
1035,car33,53.0578,64.0508,12,1
1036,car33,53.0578,64.0508,13,1
1037,car33,53.0578,64.0508,14,1
1038,car33,53.0578,64.0508,15,1
1039,car33,53.0578,64.0508,16,1
1040,car33,53.0578,64.0508,17,1
1041,car33,53.0578,64.0508,18,1
1042,car33,53.0578,64.0508,19,1
1043,car33,53.0578,64.0508,20,1
1044,car33,53.0578,64.0508,21,1
1045,car33,53.0578,64.0508,22,1
1046,car33,53.0578,64.0508,23,1
1047,car33,53.0578,64.0508,24,1
1048,car33,53.0578,64.0508,25,1
1049,car33,53.0578,64.0508,26,1
1050,car33,53.0578,64.0508,27,1
1051,car33,53.0578,64.0508,28,1
1052,car33,53.0578,64.0508,29,1
1053,car33,53.0578,64.0508,30,1
1054,car34,53.0578,64.0508,0,1
1055,car34,53.0578,64.0508,1,1
1056,car34,53.0578,64.0508,2,1
1057,car34,53.0578,64.0508,3,1
1058,car34,53.0578,64.0508,4,1
1059,car34,53.0578,64.0508,5,1
1060,car34,53.0578,64.0508,6,1
1061,car34,53.0578,64.0508,7,1
1062,car34,53.0578,64.0508,8,1
1063,car34,53.0578,64.0508,9,1
1064,car34,53.0578,64.0508,10,1
1065,car34,53.0578,64.0508,11,1
1066,car34,53.0578,64.0508,12,1
1067,car34,53.0578,64.0508,13,1
1068,car34,53.0578,64.0508,14,1
1069,car34,53.0578,64.0508,15,1
1070,car34,53.0578,64.0508,16,1
1071,car34,53.0578,64.0508,17,1
1072,car34,53.0578,64.0508,18,1
1073,car34,53.0578,64.0508,19,1
1074,car34,53.0578,64.0508,20,1
1075,car34,53.0578,64.0508,21,1
1076,car34,53.0578,64.0508,22,1
1077,car34,53.0578,64.0508,23,1
1078,car34,53.0578,64.0508,24,1
1079,car34,53.0578,64.0508,25,1
1080,car34,53.0578,64.0508,26,1
1081,car34,53.0578,64.0508,27,1
1082,car34,53.0578,64.0508,28,1
1083,car34,53.0578,64.0508,29,1
1084,car34,53.0578,64.0508,30,1
1085,car35,36.1011,47.6615,0,1
1086,car35,36.1011,47.6615,1,1
1087,car35,36.1011,47.6615,2,1
1088,car35,36.1011,47.6615,3,1
1089,car35,36.1011,47.6615,4,1
1090,car35,36.1011,47.6615,5,1
1091,car35,36.1011,47.6615,6,1
1092,car35,36.1011,47.6615,7,1
1093,car35,36.1011,47.6615,8,1
1094,car35,36.1011,47.6615,9,1
1095,car35,36.1011,47.6615,10,1
1096,car35,36.1011,47.6615,11,1
1097,car35,36.1011,47.6615,12,1
1098,car35,36.1011,47.6615,13,1
1099,car35,36.1011,47.6615,14,1
1100,car35,36.1011,47.6615,15,1
1101,car35,36.1011,47.6615,16,1
1102,car35,36.1011,47.6615,17,1
1103,car35,36.1011,47.6615,18,1
1104,car35,36.1011,47.6615,19,1
1105,car35,36.1011,47.6615,20,1
1106,car35,36.1011,47.6615,21,1
1107,car35,36.1011,47.6615,22,1
1108,car35,36.1011,47.6615,23,1
1109,car35,36.1011,47.6615,24,1
1110,car35,36.1011,47.6615,25,1
1111,car35,36.1011,47.6615,26,1
1112,car35,36.1011,47.6615,27,1
1113,car35,36.1011,47.6615,28,1
1114,car35,36.1011,47.6615,29,1
1115,car35,36.1011,47.6615,30,1
1116,car36,47.1516,35.9492,0,1
1117,car36,47.1516,35.9492,1,1
1118,car36,47.1516,35.9492,2,1
1119,car36,47.1516,35.9492,3,1
1120,car36,47.1517,35.9492,4,1
1121,car36,53.0578,64.0508,5,1
1122,car36,53.0578,64.0508,6,1
1123,car36,53.0578,64.0508,7,1
1124,car36,53.0578,64.0508,8,1
1125,car36,53.0578,64.0508,9,1
1126,car36,53.0578,64.0508,10,1
1127,car36,53.0578,64.0508,11,1
1128,car36,53.0578,64.0508,12,1
1129,car36,53.0578,64.0508,13,1
1130,car36,53.0578,64.0508,14,1
1131,car36,53.0578,64.0508,15,1
1132,car36,53.0578,64.0508,16,1
1133,car36,53.0578,64.0508,17,1
1134,car36,53.0578,64.0508,18,1
1135,car36,53.0578,64.0508,19,1
1136,car36,53.0578,64.0508,20,1
1137,car36,53.0578,64.0508,21,1
1138,car36,53.0578,64.0508,22,1
1139,car36,53.0578,64.0508,23,1
1140,car36,53.0578,64.0508,24,1
1141,car36,53.0578,64.0508,25,1
1142,car36,53.0578,64.0508,26,1
1143,car36,53.0578,64.0508,27,1
1144,car36,53.0578,64.0508,28,1
1145,car36,53.0578,64.0508,29,1
1146,car36,53.0578,64.0508,30,1
1147,car37,47.1516,35.9492,0,1
1148,car37,47.1516,35.9492,1,1
1149,car37,47.1516,35.9492,2,1
1150,car37,47.1516,35.9492,3,1
1151,car37,47.1516,35.9492,4,1
1152,car37,47.1516,35.9492,5,1
1153,car37,47.1516,35.9492,6,1
1154,car37,47.1516,35.9492,7,1
1155,car37,47.1516,35.9492,8,1
1156,car37,47.1516,35.9492,9,1
1157,car37,47.1517,35.9492,10,1
1158,car37,53.0578,64.0508,11,1
1159,car37,53.0578,64.0508,12,1
1160,car37,53.0578,64.0508,13,1
1161,car37,53.0578,64.0508,14,1
1162,car37,53.0578,64.0508,15,1
1163,car37,53.0578,64.0508,16,1
1164,car37,53.0578,64.0508,17,1
1165,car37,53.0578,64.0508,18,1
1166,car37,53.0578,64.0508,19,1
1167,car37,53.0578,64.0508,20,1
1168,car37,53.0578,64.0508,21,1
1169,car37,53.0578,64.0508,22,1
1170,car37,53.0578,64.0508,23,1
1171,car37,53.0578,64.0508,24,1
1172,car37,53.0578,64.0508,25,1
1173,car37,53.0578,64.0508,26,1
1174,car37,53.0578,64.0508,27,1
1175,car37,53.0578,64.0508,28,1
1176,car37,53.0578,64.0508,29,1
1177,car37,53.0578,64.0508,30,1
1178,car38,47.1516,35.9492,0,1
1179,car38,47.1516,35.9492,1,1
1180,car38,47.1516,35.9492,2,1
1181,car38,47.1516,35.9492,3,1
1182,car38,47.1516,35.9492,4,1
1183,car38,47.1516,35.9492,5,1
1184,car38,47.1516,35.9492,6,1
1185,car38,47.1516,35.9492,7,1
1186,car38,47.1516,35.9492,8,1
1187,car38,47.1516,35.9492,9,1
1188,car38,47.1516,35.9492,10,1
1189,car38,47.1516,35.9492,11,1
1190,car38,47.1516,35.9492,12,1
1191,car38,47.1516,35.9492,13,1
1192,car38,47.1516,35.9492,14,1
1193,car38,47.1516,35.9492,15,1
1194,car38,47.1516,35.9492,16,1
1195,car38,47.1516,35.9492,17,1
1196,car38,47.1516,35.9492,18,1
1197,car38,47.1516,35.9492,19,1
1198,car38,47.1516,35.9492,20,1
1199,car38,47.1516,35.9492,21,1
1200,car38,47.1516,35.9492,22,1
1201,car38,47.1516,35.9492,23,1
1202,car38,47.1516,35.9492,24,1
1203,car38,47.1516,35.9492,25,1
1204,car38,47.1516,35.9492,26,1
1205,car38,47.1516,35.9492,27,1
1206,car38,47.1516,35.9492,28,1
1207,car38,47.1516,35.9492,29,1
1208,car38,47.1516,35.9492,30,1
1209,car39,47.1516,35.9492,0,1
1210,car39,47.1516,35.9492,1,1
1211,car39,47.1516,35.9492,2,1
1212,car39,47.1516,35.9492,3,1
1213,car39,47.1516,35.9492,4,1
1214,car39,47.1516,35.9492,5,1
1215,car39,47.1516,35.9492,6,1
1216,car39,47.1516,35.9492,7,1
1217,car39,47.1516,35.9492,8,1
1218,car39,47.1516,35.9492,9,1
1219,car39,47.1516,35.9492,10,1
1220,car39,47.1516,35.9492,11,1
1221,car39,47.1516,35.9492,12,1
1222,car39,47.1516,35.9492,13,1
1223,car39,47.1516,35.9492,14,1
1224,car39,47.1516,35.9492,15,1
1225,car39,47.1516,35.9492,16,1
1226,car39,47.1516,35.9492,17,1
1227,car39,47.1516,35.9492,18,1
1228,car39,47.1516,35.9492,19,1
1229,car39,47.1516,35.9492,20,1
1230,car39,47.1516,35.9492,21,1
1231,car39,47.1516,35.9492,22,1
1232,car39,47.1516,35.9492,23,1
1233,car39,47.1516,35.9492,24,1
1234,car39,47.1516,35.9492,25,1
1235,car39,47.1516,35.9492,26,1
1236,car39,47.1516,35.9492,27,1
1237,car39,47.1516,35.9492,28,1
1238,car39,47.1516,35.9492,29,1
1239,car39,47.1516,35.9492,30,1
1240,car40,47.1516,35.9492,0,1
1241,car40,47.1516,35.9492,1,1
1242,car40,47.1516,35.9492,2,1
1243,car40,47.1516,35.9492,3,1
1244,car40,47.1516,35.9492,4,1
1245,car40,47.1516,35.9492,5,1
1246,car40,47.1516,35.9492,6,1
1247,car40,47.1516,35.9492,7,1
1248,car40,47.1516,35.9492,8,1
1249,car40,47.1516,35.9492,9,1
1250,car40,47.1516,35.9492,10,1
1251,car40,47.1516,35.9492,11,1
1252,car40,47.1516,35.9492,12,1
1253,car40,47.1516,35.9492,13,1
1254,car40,47.1516,35.9492,14,1
1255,car40,47.1516,35.9492,15,1
1256,car40,47.1516,35.9492,16,1
1257,car40,47.1516,35.9492,17,1
1258,car40,47.1516,35.9492,18,1
1259,car40,47.1516,35.9492,19,1
1260,car40,47.1516,35.9492,20,1
1261,car40,47.1516,35.9492,21,1
1262,car40,47.1516,35.9492,22,1
1263,car40,47.1516,35.9492,23,1
1264,car40,47.1516,35.9492,24,1
1265,car40,47.1516,35.9492,25,1
1266,car40,47.1516,35.9492,26,1
1267,car40,47.1516,35.9492,27,1
1268,car40,47.1516,35.9492,28,1
1269,car40,47.1516,35.9492,29,1
1270,car40,47.1516,35.9492,30,1
1271,car41,47.1516,35.9492,0,1
1272,car41,47.1516,35.9492,1,1
1273,car41,47.1516,35.9492,2,1
1274,car41,47.1516,35.9492,3,1
1275,car41,47.1516,35.9492,4,1
1276,car41,47.1516,35.9492,5,1
1277,car41,47.1516,35.9492,6,1
1278,car41,47.1516,35.9492,7,1
1279,car41,47.1516,35.9492,8,1
1280,car41,47.1516,35.9492,9,1
1281,car41,47.1516,35.9492,10,1
1282,car41,47.1516,35.9492,11,1
1283,car41,47.1516,35.9492,12,1
1284,car41,47.1516,35.9492,13,1
1285,car41,47.1516,35.9492,14,1
1286,car41,47.1516,35.9492,15,1
1287,car41,47.1516,35.9492,16,1
1288,car41,47.1516,35.9492,17,1
1289,car41,47.1516,35.9492,18,1
1290,car41,47.1516,35.9492,19,1
1291,car41,47.1516,35.9492,20,1
1292,car41,47.1516,35.9492,21,1
1293,car41,47.1516,35.9492,22,1
1294,car41,47.1516,35.9492,23,1
1295,car41,47.1516,35.9492,24,1
1296,car41,47.1516,35.9492,25,1
1297,car41,47.1516,35.9492,26,1
1298,car41,47.1516,35.9492,27,1
1299,car41,47.1516,35.9492,28,1
1300,car41,47.1516,35.9492,29,1
1301,car41,47.1516,35.9492,30,1
1302,car42,47.1516,35.9492,0,1
1303,car42,47.1516,35.9492,1,1
1304,car42,47.1516,35.9492,2,1
1305,car42,47.1516,35.9492,3,1
1306,car42,47.1516,35.9492,4,1
1307,car42,47.1516,35.9492,5,1
1308,car42,47.1516,35.9492,6,1
1309,car42,47.1516,35.9492,7,1
1310,car42,47.1516,35.9492,8,1
1311,car42,47.1516,35.9492,9,1
1312,car42,47.1516,35.9492,10,1
1313,car42,47.1516,35.9492,11,1
1314,car42,47.1516,35.9492,12,1
1315,car42,47.1516,35.9492,13,1
1316,car42,47.1516,35.9492,14,1
1317,car42,47.1516,35.9492,15,1
1318,car42,47.1516,35.9492,16,1
1319,car42,47.1516,35.9492,17,1
1320,car42,47.1516,35.9492,18,1
1321,car42,47.1516,35.9492,19,1
1322,car42,47.1516,35.9492,20,1
1323,car42,47.1516,35.9492,21,1
1324,car42,47.1516,35.9492,22,1
1325,car42,47.1516,35.9492,23,1
1326,car42,47.1516,35.9492,24,1
1327,car42,47.1516,35.9492,25,1
1328,car42,47.1516,35.9492,26,1
1329,car42,47.1516,35.9492,27,1
1330,car42,47.1516,35.9492,28,1
1331,car42,47.1516,35.9492,29,1
1332,car42,47.1516,35.9492,30,1
1333,car43,47.1516,35.9492,0,1
1334,car43,47.1516,35.9492,1,1
1335,car43,47.1516,35.9492,2,1
1336,car43,47.1516,35.9492,3,1
1337,car43,47.1516,35.9492,4,1
1338,car43,47.1516,35.9492,5,1
1339,car43,47.1516,35.9492,6,1
1340,car43,47.1516,35.9492,7,1
1341,car43,47.1516,35.9492,8,1
1342,car43,47.1516,35.9492,9,1
1343,car43,47.1516,35.9492,10,1
1344,car43,47.1516,35.9492,11,1
1345,car43,47.1516,35.9492,12,1
1346,car43,47.1516,35.9492,13,1
1347,car43,47.1516,35.9492,14,1
1348,car43,47.1516,35.9492,15,1
1349,car43,47.1516,35.9492,16,1
1350,car43,47.1516,35.9492,17,1
1351,car43,47.1516,35.9492,18,1
1352,car43,47.1516,35.9492,19,1
1353,car43,47.1516,35.9492,20,1
1354,car43,47.1516,35.9492,21,1
1355,car43,47.1516,35.9492,22,1
1356,car43,47.1516,35.9492,23,1
1357,car43,47.1516,35.9492,24,1
1358,car43,47.1516,35.9492,25,1
1359,car43,47.1516,35.9492,26,1
1360,car43,47.1516,35.9492,27,1
1361,car43,47.1516,35.9492,28,1
1362,car43,47.1516,35.9492,29,1
1363,car43,47.1516,35.9492,30,1
1364,car44,47.1516,35.9492,0,1
1365,car44,47.1516,35.9492,1,1
1366,car44,47.1516,35.9492,2,1
1367,car44,47.1516,35.9492,3,1
1368,car44,47.1516,35.9492,4,1
1369,car44,47.1516,35.9492,5,1
1370,car44,47.1516,35.9492,6,1
1371,car44,47.1516,35.9492,7,1
1372,car44,47.1516,35.9492,8,1
1373,car44,47.1516,35.9492,9,1
1374,car44,47.1516,35.9492,10,1
1375,car44,47.1516,35.9492,11,1
1376,car44,47.1516,35.9492,12,1
1377,car44,47.1516,35.9492,13,1
1378,car44,47.1516,35.9492,14,1
1379,car44,47.1516,35.9492,15,1
1380,car44,47.1516,35.9492,16,1
1381,car44,47.1516,35.9492,17,1
1382,car44,47.1516,35.9492,18,1
1383,car44,47.1516,35.9492,19,1
1384,car44,47.1516,35.9492,20,1
1385,car44,47.1516,35.9492,21,1
1386,car44,47.1516,35.9492,22,1
1387,car44,47.1516,35.9492,23,1
1388,car44,47.1516,35.9492,24,1
1389,car44,47.1516,35.9492,25,1
1390,car44,47.1516,35.9492,26,1
1391,car44,47.1516,35.9492,27,1
1392,car44,47.1516,35.9492,28,1
1393,car44,47.1516,35.9492,29,1
1394,car44,47.1516,35.9492,30,1
1395,car45,47.1516,35.9492,0,1
1396,car45,47.1516,35.9492,1,1
1397,car45,47.1516,35.9492,2,1
1398,car45,47.1516,35.9492,3,1
1399,car45,47.1516,35.9492,4,1
1400,car45,47.1516,35.9492,5,1
1401,car45,47.1516,35.9492,6,1
1402,car45,47.1516,35.9492,7,1
1403,car45,47.1516,35.9492,8,1
1404,car45,47.1516,35.9492,9,1
1405,car45,47.1516,35.9492,10,1
1406,car45,47.1516,35.9492,11,1
1407,car45,47.1516,35.9492,12,1
1408,car45,47.1516,35.9492,13,1
1409,car45,47.1516,35.9492,14,1
1410,car45,47.1516,35.9492,15,1
1411,car45,47.1516,35.9492,16,1
1412,car45,47.1516,35.9492,17,1
1413,car45,47.1516,35.9492,18,1
1414,car45,47.1516,35.9492,19,1
1415,car45,47.1516,35.9492,20,1
1416,car45,47.1516,35.9492,21,1
1417,car45,47.1516,35.9492,22,1
1418,car45,47.1516,35.9492,23,1
1419,car45,47.1516,35.9492,24,1
1420,car45,47.1516,35.9492,25,1
1421,car45,47.1516,35.9492,26,1
1422,car45,47.1516,35.9492,27,1
1423,car45,47.1516,35.9492,28,1
1424,car45,47.1516,35.9492,29,1
1425,car45,47.1516,35.9492,30,1
1426,car46,47.1516,35.9492,0,1
1427,car46,47.1516,35.9492,1,1
1428,car46,47.1516,35.9492,2,1
1429,car46,47.1516,35.9492,3,1
1430,car46,47.1516,35.9492,4,1
1431,car46,47.1516,35.9492,5,1
1432,car46,47.1516,35.9492,6,1
1433,car46,47.1516,35.9492,7,1
1434,car46,47.1516,35.9492,8,1
1435,car46,47.1516,35.9492,9,1
1436,car46,47.1516,35.9492,10,1
1437,car46,47.1516,35.9492,11,1
1438,car46,47.1516,35.9492,12,1
1439,car46,47.1516,35.9492,13,1
1440,car46,47.1516,35.9492,14,1
1441,car46,47.1516,35.9492,15,1
1442,car46,47.1516,35.9492,16,1
1443,car46,47.1516,35.9492,17,1
1444,car46,47.1516,35.9492,18,1
1445,car46,47.1516,35.9492,19,1
1446,car46,47.1516,35.9492,20,1
1447,car46,47.1516,35.9492,21,1
1448,car46,47.1516,35.9492,22,1
1449,car46,47.1516,35.9492,23,1
1450,car46,47.1516,35.9492,24,1
1451,car46,47.1516,35.9492,25,1
1452,car46,47.1516,35.9492,26,1
1453,car46,47.1516,35.9492,27,1
1454,car46,47.1516,35.9492,28,1
1455,car46,47.1516,35.9492,29,1
1456,car46,47.1516,35.9492,30,1
1457,car47,63.8989,41.4171,0,1
1458,car47,63.8989,41.4171,1,1
1459,car47,63.8989,41.4171,2,1
1460,car47,63.8989,41.4171,3,1
1461,car47,63.8989,41.4171,4,1
1462,car47,63.8989,41.4171,5,1
1463,car47,63.8989,41.4171,6,1
1464,car47,63.8989,41.4171,7,1
1465,car47,63.8989,41.4171,8,1
1466,car47,63.8989,41.4171,9,1
1467,car47,63.8989,41.4171,10,1
1468,car47,63.8989,41.4171,11,1
1469,car47,63.8989,41.4171,12,1
1470,car47,63.899,41.4171,13,1
1471,car47,48.6895,47.5824,14,1
1472,car47,48.6895,47.5824,15,1
1473,car47,48.6895,47.5824,16,1
1474,car47,48.6895,47.5824,17,1
1475,car47,48.6895,47.5824,18,1
1476,car47,48.6895,47.5824,19,1
1477,car47,48.6895,47.5824,20,1
1478,car47,48.6895,47.5824,21,1
1479,car47,48.6895,47.5824,22,1
1480,car47,48.6895,47.5824,23,1
1481,car47,48.6895,47.5824,24,1
1482,car47,48.6895,47.5824,25,1
1483,car47,48.6895,47.5824,26,1
1484,car47,48.6895,47.5824,27,1
1485,car47,48.6895,47.5824,28,1
1486,car47,48.6895,47.5824,29,1
1487,car47,48.6895,47.5824,30,1
1488,stations0,48.6895,47.5824,0,5
1489,stations0,48.6895,47.5824,1,5
1490,stations0,48.6895,47.5824,2,5
1491,stations0,48.6895,47.5824,3,5
1492,stations0,48.6895,47.5824,4,5
1493,stations0,48.6895,47.5824,5,5
1494,stations0,48.6895,47.5824,6,5
1495,stations0,48.6895,47.5824,7,5
1496,stations0,48.6895,47.5824,8,5
1497,stations0,48.6895,47.5824,9,5
1498,stations0,48.6895,47.5824,10,5
1499,stations0,48.6895,47.5824,11,5
1500,stations0,48.6895,47.5824,12,5
1501,stations0,48.6895,47.5824,13,5
1502,stations0,48.6895,47.5824,14,5
1503,stations0,48.6895,47.5824,15,5
1504,stations0,48.6895,47.5824,16,5
1505,stations0,48.6895,47.5824,17,5
1506,stations0,48.6895,47.5824,18,5
1507,stations0,48.6895,47.5824,19,5
1508,stations0,48.6895,47.5824,20,5
1509,stations0,48.6895,47.5824,21,5
1510,stations0,48.6895,47.5824,22,5
1511,stations0,48.6895,47.5824,23,5
1512,stations0,48.6895,47.5824,24,5
1513,stations0,48.6895,47.5824,25,5
1514,stations0,48.6895,47.5824,26,5
1515,stations0,48.6895,47.5824,27,5
1516,stations0,48.6895,47.5824,28,5
1517,stations0,48.6895,47.5824,29,5
1518,stations0,48.6895,47.5824,30,5
1519,stations1,53.0578,64.0508,0,8
1520,stations1,53.0578,64.0508,1,8
1521,stations1,53.0578,64.0508,2,8
1522,stations1,53.0578,64.0508,3,8
1523,stations1,53.0578,64.0508,4,8
1524,stations1,53.0578,64.0508,5,8
1525,stations1,53.0578,64.0508,6,8
1526,stations1,53.0578,64.0508,7,8
1527,stations1,53.0578,64.0508,8,8
1528,stations1,53.0578,64.0508,9,8
1529,stations1,53.0578,64.0508,10,8
1530,stations1,53.0578,64.0508,11,8
1531,stations1,53.0578,64.0508,12,8
1532,stations1,53.0578,64.0508,13,8
1533,stations1,53.0578,64.0508,14,8
1534,stations1,53.0578,64.0508,15,8
1535,stations1,53.0578,64.0508,16,8
1536,stations1,53.0578,64.0508,17,8
1537,stations1,53.0578,64.0508,18,8
1538,stations1,53.0578,64.0508,19,8
1539,stations1,53.0578,64.0508,20,8
1540,stations1,53.0578,64.0508,21,8
1541,stations1,53.0578,64.0508,22,8
1542,stations1,53.0578,64.0508,23,8
1543,stations1,53.0578,64.0508,24,8
1544,stations1,53.0578,64.0508,25,8
1545,stations1,53.0578,64.0508,26,8
1546,stations1,53.0578,64.0508,27,8
1547,stations1,53.0578,64.0508,28,8
1548,stations1,53.0578,64.0508,29,8
1549,stations1,53.0578,64.0508,30,8
1550,stations2,36.1011,47.6615,0,5
1551,stations2,36.1011,47.6615,1,5
1552,stations2,36.1011,47.6615,2,5
1553,stations2,36.1011,47.6615,3,5
1554,stations2,36.1011,47.6615,4,5
1555,stations2,36.1011,47.6615,5,5
1556,stations2,36.1011,47.6615,6,5
1557,stations2,36.1011,47.6615,7,5
1558,stations2,36.1011,47.6615,8,5
1559,stations2,36.1011,47.6615,9,5
1560,stations2,36.1011,47.6615,10,5
1561,stations2,36.1011,47.6615,11,5
1562,stations2,36.1011,47.6615,12,5
1563,stations2,36.1011,47.6615,13,5
1564,stations2,36.1011,47.6615,14,5
1565,stations2,36.1011,47.6615,15,5
1566,stations2,36.1011,47.6615,16,5
1567,stations2,36.1011,47.6615,17,5
1568,stations2,36.1011,47.6615,18,5
1569,stations2,36.1011,47.6615,19,5
1570,stations2,36.1011,47.6615,20,5
1571,stations2,36.1011,47.6615,21,5
1572,stations2,36.1011,47.6615,22,5
1573,stations2,36.1011,47.6615,23,5
1574,stations2,36.1011,47.6615,24,5
1575,stations2,36.1011,47.6615,25,5
1576,stations2,36.1011,47.6615,26,5
1577,stations2,36.1011,47.6615,27,5
1578,stations2,36.1011,47.6615,28,5
1579,stations2,36.1011,47.6615,29,5
1580,stations2,36.1011,47.6615,30,5
1581,stations3,47.1516,35.9492,0,5
1582,stations3,47.1516,35.9492,1,5
1583,stations3,47.1516,35.9492,2,5
1584,stations3,47.1516,35.9492,3,5
1585,stations3,47.1516,35.9492,4,5
1586,stations3,47.1516,35.9492,5,5
1587,stations3,47.1516,35.9492,6,5
1588,stations3,47.1516,35.9492,7,5
1589,stations3,47.1516,35.9492,8,5
1590,stations3,47.1516,35.9492,9,5
1591,stations3,47.1516,35.9492,10,5
1592,stations3,47.1516,35.9492,11,5
1593,stations3,47.1516,35.9492,12,5
1594,stations3,47.1516,35.9492,13,5
1595,stations3,47.1516,35.9492,14,5
1596,stations3,47.1516,35.9492,15,5
1597,stations3,47.1516,35.9492,16,5
1598,stations3,47.1516,35.9492,17,5
1599,stations3,47.1516,35.9492,18,5
1600,stations3,47.1516,35.9492,19,5
1601,stations3,47.1516,35.9492,20,5
1602,stations3,47.1516,35.9492,21,5
1603,stations3,47.1516,35.9492,22,5
1604,stations3,47.1516,35.9492,23,5
1605,stations3,47.1516,35.9492,24,5
1606,stations3,47.1516,35.9492,25,5
1607,stations3,47.1516,35.9492,26,5
1608,stations3,47.1516,35.9492,27,5
1609,stations3,47.1516,35.9492,28,5
1610,stations3,47.1516,35.9492,29,5
1611,stations3,47.1516,35.9492,30,5
1612,stations4,63.8989,41.4171,0,5
1613,stations4,63.8989,41.4171,1,5
1614,stations4,63.8989,41.4171,2,5
1615,stations4,63.8989,41.4171,3,5
1616,stations4,63.8989,41.4171,4,5
1617,stations4,63.8989,41.4171,5,5
1618,stations4,63.8989,41.4171,6,5
1619,stations4,63.8989,41.4171,7,5
1620,stations4,63.8989,41.4171,8,5
1621,stations4,63.8989,41.4171,9,5
1622,stations4,63.8989,41.4171,10,5
1623,stations4,63.8989,41.4171,11,5
1624,stations4,63.8989,41.4171,12,5
1625,stations4,63.8989,41.4171,13,5
1626,stations4,63.8989,41.4171,14,5
1627,stations4,63.8989,41.4171,15,5
1628,stations4,63.8989,41.4171,16,5
1629,stations4,63.8989,41.4171,17,5
1630,stations4,63.8989,41.4171,18,5
1631,stations4,63.8989,41.4171,19,5
1632,stations4,63.8989,41.4171,20,5
1633,stations4,63.8989,41.4171,21,5
1634,stations4,63.8989,41.4171,22,5
1635,stations4,63.8989,41.4171,23,5
1636,stations4,63.8989,41.4171,24,5
1637,stations4,63.8989,41.4171,25,5
1638,stations4,63.8989,41.4171,26,5
1639,stations4,63.8989,41.4171,27,5
1640,stations4,63.8989,41.4171,28,5
1641,stations4,63.8989,41.4171,29,5
1642,stations4,63.8989,41.4171,30,5
