0,-3.0,0.0,0,0
0,-3.0,0.2,0,0
0,-3.0,0.4,0,0
0,-3.0,0.6,0,0
0,-3.0,0.8,0,0
0,-3.0,1.0,1,0
0,-3.0,1.2,11,0
0,-3.0,1.4,18,0
0,-3.0,1.6,61,0
0,-3.0,1.8,120,0
0,-3.0,2.0,200,0
0,-2.5,0.0,0,0
0,-2.5,0.2,0,0
0,-2.5,0.4,0,0
0,-2.5,0.6,0,0
0,-2.5,0.8,0,0
0,-2.5,1.0,5,0
0,-2.5,1.2,29,0
0,-2.5,1.4,64,0
0,-2.5,1.6,129,0
0,-2.5,1.8,241,0
0,-2.5,2.0,349,0
0,-2.0,0.0,0,0
0,-2.0,0.2,0,0
0,-2.0,0.4,0,0
0,-2.0,0.6,0,0
0,-2.0,0.8,3,0
0,-2.0,1.0,33,0
0,-2.0,1.2,77,0
0,-2.0,1.4,156,0
0,-2.0,1.6,278,0
0,-2.0,1.8,410,0
0,-2.0,2.0,636,0
0,-1.5,0.0,0,0
0,-1.5,0.2,0,0
0,-1.5,0.4,0,0
0,-1.5,0.6,2,0
0,-1.5,0.8,20,0
0,-1.5,1.0,75,0
0,-1.5,1.2,195,0
0,-1.5,1.4,323,0
0,-1.5,1.6,510,0
0,-1.5,1.8,675,0
0,-1.5,2.0,932,0
0,-1.0,0.0,0,0
0,-1.0,0.2,0,0
0,-1.0,0.4,1,0
0,-1.0,0.6,12,0
0,-1.0,0.8,116,0
0,-1.0,1.0,230,0
0,-1.0,1.2,500,0
0,-1.0,1.4,663,0
0,-1.0,1.6,927,0
0,-1.0,1.8,1149,0
0,-1.0,2.0,1417,0
0,-0.5,0.0,0,0
0,-0.5,0.2,0,0
0,-0.5,0.4,17,0
0,-0.5,0.6,189,0
0,-0.5,0.8,399,0
0,-0.5,1.0,669,0
0,-0.5,1.2,935,0
0,-0.5,1.4,1175,0
0,-0.5,1.6,1505,0
0,-0.5,1.8,1746,0
0,-0.5,2.0,1984,0
0,0.0,0.0,0,0
0,0.0,0.2,22,0
0,0.0,0.4,387,0
0,0.0,0.6,727,0
0,0.0,0.8,1081,0
0,0.0,1.0,1309,0
0,0.0,1.2,1703,0
0,0.0,1.4,1968,0
0,0.0,1.6,2212,0
0,0.0,1.8,2495,0
0,0.0,2.0,2845,0
0,0.5,0.0,0,0
0,0.5,0.2,1824,0
0,0.5,0.4,1870,0
0,0.5,0.6,1929,0
0,0.5,0.8,2211,0
0,0.5,1.0,2483,0
0,0.5,1.2,2708,0
0,0.5,1.4,2918,0
0,0.5,1.6,3270,0
0,0.5,1.8,3482,0
0,0.5,2.0,3822,0
0,1.0,0.0,3600,0
0,1.0,0.2,3607,0
0,1.0,0.4,3591,0
0,1.0,0.6,3611,0
0,1.0,0.8,3670,0
0,1.0,1.0,3810,0
0,1.0,1.2,3974,0
0,1.0,1.4,4269,0
0,1.0,1.6,4523,0
0,1.0,1.8,4795,0
0,1.0,2.0,5003,0
0,1.5,0.0,7200,0
0,1.5,0.2,5410,0
0,1.5,0.4,5365,0
0,1.5,0.6,5401,0
0,1.5,0.8,5470,0
0,1.5,1.0,5405,0
0,1.5,1.2,5650,0
0,1.5,1.4,5757,0
0,1.5,1.6,5929,0
0,1.5,1.8,6190,0
0,1.5,2.0,6341,0
0,2.0,0.0,7200,0
0,2.0,0.2,7189,0
0,2.0,0.4,7188,0
0,2.0,0.6,7154,0
0,2.0,0.8,7170,0
0,2.0,1.0,7189,0
0,2.0,1.2,7258,0
0,2.0,1.4,7363,0
0,2.0,1.6,7349,0
0,2.0,1.8,7510,0
0,2.0,2.0,7788,0
0,2.5,0.0,7200,0
0,2.5,0.2,9017,0
0,2.5,0.4,8991,0
0,2.5,0.6,9063,0
0,2.5,0.8,9017,0
0,2.5,1.0,8998,0
0,2.5,1.2,8991,0
0,2.5,1.4,9104,0
0,2.5,1.6,9079,0
0,2.5,1.8,9134,0
0,2.5,2.0,9439,0
0,3.0,0.0,10800,0
0,3.0,0.2,10796,0
0,3.0,0.4,10795,0
0,3.0,0.6,10770,0
0,3.0,0.8,10765,0
0,3.0,1.0,10860,0
0,3.0,1.2,10733,0
0,3.0,1.4,10882,0
0,3.0,1.6,10884,0
0,3.0,1.8,10878,0
0,3.0,2.0,11014,0
10,-3.0,0.0,0,0
10,-3.0,0.2,0,0
10,-3.0,0.4,0,0
10,-3.0,0.6,0,0
10,-3.0,0.8,0,0
10,-3.0,1.0,1,0
10,-3.0,1.2,8,0
10,-3.0,1.4,28,0
10,-3.0,1.6,52,0
10,-3.0,1.8,132,0
10,-3.0,2.0,220,0
10,-2.5,0.0,0,0
10,-2.5,0.2,0,0
10,-2.5,0.4,0,0
10,-2.5,0.6,0,0
10,-2.5,0.8,0,0
10,-2.5,1.0,9,0
10,-2.5,1.2,24,0
10,-2.5,1.4,70,0
10,-2.5,1.6,145,0
10,-2.5,1.8,235,0
10,-2.5,2.0,346,0
10,-2.0,0.0,0,0
10,-2.0,0.2,0,0
10,-2.0,0.4,0,0
10,-2.0,0.6,0,0
10,-2.0,0.8,2,0
10,-2.0,1.0,19,0
10,-2.0,1.2,63,0
10,-2.0,1.4,172,0
10,-2.0,1.6,259,0
10,-2.0,1.8,402,0
10,-2.0,2.0,556,0
10,-1.5,0.0,0,0
10,-1.5,0.2,0,0
10,-1.5,0.4,0,0
10,-1.5,0.6,2,0
10,-1.5,0.8,24,0
10,-1.5,1.0,74,0
10,-1.5,1.2,187,0
10,-1.5,1.4,357,0
10,-1.5,1.6,470,0
10,-1.5,1.8,704,0
10,-1.5,2.0,916,0
10,-1.0,0.0,0,0
10,-1.0,0.2,0,0
10,-1.0,0.4,0,0
10,-1.0,0.6,22,0
10,-1.0,0.8,132,0
10,-1.0,1.0,259,0
10,-1.0,1.2,444,0
10,-1.0,1.4,718,0
10,-1.0,1.6,922,0
10,-1.0,1.8,1124,0
10,-1.0,2.0,1350,0
10,-0.5,0.0,0,0
10,-0.5,0.2,0,0
10,-0.5,0.4,27,0
10,-0.5,0.6,175,0
10,-0.5,0.8,393,0
10,-0.5,1.0,627,0
10,-0.5,1.2,935,0
10,-0.5,1.4,1167,0
10,-0.5,1.6,1484,0
10,-0.5,1.8,1773,0
10,-0.5,2.0,2184,0
10,0.0,0.0,0,0
10,0.0,0.2,17,0
10,0.0,0.4,380,0
10,0.0,0.6,733,0
10,0.0,0.8,1068,0
10,0.0,1.0,1375,0
10,0.0,1.2,1640,0
10,0.0,1.4,2001,0
10,0.0,1.6,2315,0
10,0.0,1.8,2598,0
10,0.0,2.0,2748,0
10,0.5,0.0,0,0
10,0.5,0.2,1798,0
10,0.5,0.4,1830,0
10,0.5,0.6,1974,0
10,0.5,0.8,2194,0
10,0.5,1.0,2452,0
10,0.5,1.2,2748,0
10,0.5,1.4,2904,0
10,0.5,1.6,3261,0
10,0.5,1.8,3662,0
10,0.5,2.0,3913,0
10,1.0,0.0,3600,0
10,1.0,0.2,3594,0
10,1.0,0.4,3617,0
10,1.0,0.6,3629,0
10,1.0,0.8,3659,0
10,1.0,1.0,3880,0
10,1.0,1.2,4106,0
10,1.0,1.4,4292,0
10,1.0,1.6,4517,0
10,1.0,1.8,4824,0
10,1.0,2.0,4977,0
10,1.5,0.0,7200,0
10,1.5,0.2,5391,0
10,1.5,0.4,5360,0
10,1.5,0.6,5415,0
10,1.5,0.8,5350,0
10,1.5,1.0,5433,0
10,1.5,1.2,5620,0
10,1.5,1.4,5688,0
10,1.5,1.6,5845,0
10,1.5,1.8,6016,0
10,1.5,2.0,6349,0
10,2.0,0.0,7200,0
10,2.0,0.2,7203,0
10,2.0,0.4,7215,0
10,2.0,0.6,7145,0
10,2.0,0.8,7236,0
10,2.0,1.0,7206,0
10,2.0,1.2,7288,0
10,2.0,1.4,7340,0
10,2.0,1.6,7555,0
10,2.0,1.8,7605,0
10,2.0,2.0,7729,0
10,2.5,0.0,7200,0
10,2.5,0.2,8979,0
10,2.5,0.4,9018,0
10,2.5,0.6,9013,0
10,2.5,0.8,8999,0
10,2.5,1.0,8948,0
10,2.5,1.2,9033,0
10,2.5,1.4,9082,0
10,2.5,1.6,9224,0
10,2.5,1.8,9311,0
10,2.5,2.0,9477,0
10,3.0,0.0,10800,0
10,3.0,0.2,10793,0
10,3.0,0.4,10820,0
10,3.0,0.6,10789,0
10,3.0,0.8,10796,0
10,3.0,1.0,10922,0
10,3.0,1.2,10799,0
10,3.0,1.4,10999,0
10,3.0,1.6,10718,0
10,3.0,1.8,11012,0
10,3.0,2.0,10998,0
20,-3.0,0.0,0,0
20,-3.0,0.2,0,0
20,-3.0,0.4,0,0
20,-3.0,0.6,0,0
20,-3.0,0.8,0,0
20,-3.0,1.0,2,0
20,-3.0,1.2,4,0
20,-3.0,1.4,23,0
20,-3.0,1.6,60,0
20,-3.0,1.8,116,0
20,-3.0,2.0,200,0
20,-2.5,0.0,0,0
20,-2.5,0.2,0,0
20,-2.5,0.4,0,0
20,-2.5,0.6,0,0
20,-2.5,0.8,0,0
20,-2.5,1.0,10,0
20,-2.5,1.2,16,0
20,-2.5,1.4,58,0
20,-2.5,1.6,127,0
20,-2.5,1.8,204,0
20,-2.5,2.0,346,0
20,-2.0,0.0,0,0
20,-2.0,0.2,0,0
20,-2.0,0.4,0,0
20,-2.0,0.6,0,0
20,-2.0,0.8,4,0
20,-2.0,1.0,25,0
20,-2.0,1.2,84,0
20,-2.0,1.4,156,0
20,-2.0,1.6,269,0
20,-2.0,1.8,443,0
20,-2.0,2.0,564,0
20,-1.5,0.0,0,0
20,-1.5,0.2,0,0
20,-1.5,0.4,0,0
20,-1.5,0.6,2,0
20,-1.5,0.8,29,0
20,-1.5,1.0,88,0
20,-1.5,1.2,185,0
20,-1.5,1.4,363,0
20,-1.5,1.6,495,0
20,-1.5,1.8,775,0
20,-1.5,2.0,974,0
20,-1.0,0.0,0,0
20,-1.0,0.2,0,0
20,-1.0,0.4,1,0
20,-1.0,0.6,17,0
20,-1.0,0.8,109,0
20,-1.0,1.0,255,0
20,-1.0,1.2,419,0
20,-1.0,1.4,636,0
20,-1.0,1.6,882,0
20,-1.0,1.8,1243,0
20,-1.0,2.0,1352,0
20,-0.5,0.0,0,0
20,-0.5,0.2,0,0
20,-0.5,0.4,18,0
20,-0.5,0.6,158,0
20,-0.5,0.8,393,0
20,-0.5,1.0,649,0
20,-0.5,1.2,941,0
20,-0.5,1.4,1154,0
20,-0.5,1.6,1516,0
20,-0.5,1.8,1654,0
20,-0.5,2.0,2133,0
20,0.0,0.0,0,0
20,0.0,0.2,20,0
20,0.0,0.4,387,0
20,0.0,0.6,740,0
20,0.0,0.8,1036,0
20,0.0,1.0,1341,0
20,0.0,1.2,1702,0
20,0.0,1.4,2042,0
20,0.0,1.6,2251,0
20,0.0,1.8,2526,0
20,0.0,2.0,2808,0
20,0.5,0.0,0,0
20,0.5,0.2,1809,0
20,0.5,0.4,1856,0
20,0.5,0.6,2006,0
20,0.5,0.8,2209,0
20,0.5,1.0,2438,0
20,0.5,1.2,2666,0
20,0.5,1.4,3012,0
20,0.5,1.6,3251,0
20,0.5,1.8,3622,0
20,0.5,2.0,3827,0
20,1.0,0.0,3600,0
20,1.0,0.2,3607,0
20,1.0,0.4,3586,0
20,1.0,0.6,3661,0
20,1.0,0.8,3796,0
20,1.0,1.0,3894,0
20,1.0,1.2,3969,0
20,1.0,1.4,4158,0
20,1.0,1.6,4492,0
20,1.0,1.8,4711,0
20,1.0,2.0,5093,0
20,1.5,0.0,7200,0
20,1.5,0.2,5371,0
20,1.5,0.4,5395,0
20,1.5,0.6,5356,0
20,1.5,0.8,5431,0
20,1.5,1.0,5417,0
20,1.5,1.2,5551,0
20,1.5,1.4,5676,0
20,1.5,1.6,5845,0
20,1.5,1.8,6145,0
20,1.5,2.0,6402,0
20,2.0,0.0,7200,0
20,2.0,0.2,7197,0
20,2.0,0.4,7248,0
20,2.0,0.6,7242,0
20,2.0,0.8,7229,0
20,2.0,1.0,7200,0
20,2.0,1.2,7201,0
20,2.0,1.4,7391,0
20,2.0,1.6,7465,0
20,2.0,1.8,7399,0
20,2.0,2.0,7791,0
20,2.5,0.0,7200,0
20,2.5,0.2,8923,0
20,2.5,0.4,8967,0
20,2.5,0.6,8982,0
20,2.5,0.8,8975,0
20,2.5,1.0,9056,0
20,2.5,1.2,9113,0
20,2.5,1.4,9014,0
20,2.5,1.6,9027,0
20,2.5,1.8,9134,0
20,2.5,2.0,9716,0
20,3.0,0.0,10800,0
20,3.0,0.2,10796,0
20,3.0,0.4,10780,0
20,3.0,0.6,10727,0
20,3.0,0.8,10795,0
20,3.0,1.0,10753,0
20,3.0,1.2,10942,0
20,3.0,1.4,10948,0
20,3.0,1.6,10949,0
20,3.0,1.8,10974,0
20,3.0,2.0,10993,0
30,-3.0,0.0,0,0
30,-3.0,0.2,0,0
30,-3.0,0.4,0,0
30,-3.0,0.6,0,0
30,-3.0,0.8,0,0
30,-3.0,1.0,2,0
30,-3.0,1.2,1,0
30,-3.0,1.4,28,0
30,-3.0,1.6,71,0
30,-3.0,1.8,129,0
30,-3.0,2.0,192,0
30,-2.5,0.0,0,0
30,-2.5,0.2,0,0
30,-2.5,0.4,0,0
30,-2.5,0.6,0,0
30,-2.5,0.8,0,0
30,-2.5,1.0,3,0
30,-2.5,1.2,23,0
30,-2.5,1.4,73,0
30,-2.5,1.6,134,0
30,-2.5,1.8,227,0
30,-2.5,2.0,327,0
30,-2.0,0.0,0,0
30,-2.0,0.2,0,0
30,-2.0,0.4,0,0
30,-2.0,0.6,0,0
30,-2.0,0.8,7,0
30,-2.0,1.0,27,0
30,-2.0,1.2,78,0
30,-2.0,1.4,175,0
30,-2.0,1.6,262,0
30,-2.0,1.8,358,0
30,-2.0,2.0,587,0
30,-1.5,0.0,0,0
30,-1.5,0.2,0,0
30,-1.5,0.4,0,0
30,-1.5,0.6,1,0
30,-1.5,0.8,27,0
30,-1.5,1.0,106,0
30,-1.5,1.2,215,0
30,-1.5,1.4,353,0
30,-1.5,1.6,495,0
30,-1.5,1.8,669,0
30,-1.5,2.0,932,0
30,-1.0,0.0,0,0
30,-1.0,0.2,0,0
30,-1.0,0.4,1,0
30,-1.0,0.6,14,0
30,-1.0,0.8,113,0
30,-1.0,1.0,290,0
30,-1.0,1.2,395,0
30,-1.0,1.4,673,0
30,-1.0,1.6,808,0
30,-1.0,1.8,1162,0
30,-1.0,2.0,1412,0
30,-0.5,0.0,0,0
30,-0.5,0.2,0,0
30,-0.5,0.4,22,0
30,-0.5,0.6,172,0
30,-0.5,0.8,397,0
30,-0.5,1.0,670,0
30,-0.5,1.2,981,0
30,-0.5,1.4,1098,0
30,-0.5,1.6,1523,0
30,-0.5,1.8,1707,0
30,-0.5,2.0,2093,0
30,0.0,0.0,0,0
30,0.0,0.2,18,0
30,0.0,0.4,382,0
30,0.0,0.6,749,0
30,0.0,0.8,1095,0
30,0.0,1.0,1429,0
30,0.0,1.2,1682,0
30,0.0,1.4,1986,0
30,0.0,1.6,2282,0
30,0.0,1.8,2511,0
30,0.0,2.0,2916,0
30,0.5,0.0,0,0
30,0.5,0.2,1773,0
30,0.5,0.4,1783,0
30,0.5,0.6,1959,0
30,0.5,0.8,2187,0
30,0.5,1.0,2409,0
30,0.5,1.2,2677,0
30,0.5,1.4,3014,0
30,0.5,1.6,3209,0
30,0.5,1.8,3522,0
30,0.5,2.0,3840,0
30,1.0,0.0,3600,0
30,1.0,0.2,3608,0
30,1.0,0.4,3563,0
30,1.0,0.6,3651,0
30,1.0,0.8,3752,0
30,1.0,1.0,3734,0
30,1.0,1.2,4008,0
30,1.0,1.4,4298,0
30,1.0,1.6,4560,0
30,1.0,1.8,4902,0
30,1.0,2.0,4845,0
30,1.5,0.0,7200,0
30,1.5,0.2,5393,0
30,1.5,0.4,5407,0
30,1.5,0.6,5455,0
30,1.5,0.8,5414,0
30,1.5,1.0,5527,0
30,1.5,1.2,5707,0
30,1.5,1.4,5706,0
30,1.5,1.6,5915,0
30,1.5,1.8,6090,0
30,1.5,2.0,6374,0
30,2.0,0.0,7200,0
30,2.0,0.2,7203,0
30,2.0,0.4,7195,0
30,2.0,0.6,7195,0
30,2.0,0.8,7212,0
30,2.0,1.0,7211,0
30,2.0,1.2,7346,0
30,2.0,1.4,7363,0
30,2.0,1.6,7559,0
30,2.0,1.8,7630,0
30,2.0,2.0,8011,0
30,2.5,0.0,7200,0
30,2.5,0.2,8983,0
30,2.5,0.4,9016,0
30,2.5,0.6,9052,0
30,2.5,0.8,9061,0
30,2.5,1.0,9017,0
30,2.5,1.2,9102,0
30,2.5,1.4,9236,0
30,2.5,1.6,9059,0
30,2.5,1.8,9121,0
30,2.5,2.0,9363,0
30,3.0,0.0,10800,0
30,3.0,0.2,10791,0
30,3.0,0.4,10819,0
30,3.0,0.6,10765,0
30,3.0,0.8,10790,0
30,3.0,1.0,10807,0
30,3.0,1.2,10917,0
30,3.0,1.4,10721,0
30,3.0,1.6,10867,0
30,3.0,1.8,10846,0
30,3.0,2.0,10972,0
40,-3.0,0.0,0,0
40,-3.0,0.2,0,0
40,-3.0,0.4,0,0
40,-3.0,0.6,0,0
40,-3.0,0.8,0,0
40,-3.0,1.0,2,0
40,-3.0,1.2,10,0
40,-3.0,1.4,16,0
40,-3.0,1.6,75,0
40,-3.0,1.8,111,0
40,-3.0,2.0,202,0
40,-2.5,0.0,0,0
40,-2.5,0.2,0,0
40,-2.5,0.4,0,0
40,-2.5,0.6,0,0
40,-2.5,0.8,0,0
40,-2.5,1.0,3,0
40,-2.5,1.2,39,0
40,-2.5,1.4,59,0
40,-2.5,1.6,144,0
40,-2.5,1.8,273,0
40,-2.5,2.0,342,0
40,-2.0,0.0,0,0
40,-2.0,0.2,0,0
40,-2.0,0.4,0,0
40,-2.0,0.6,0,0
40,-2.0,0.8,3,0
40,-2.0,1.0,25,0
40,-2.0,1.2,66,0
40,-2.0,1.4,163,0
40,-2.0,1.6,264,0
40,-2.0,1.8,405,0
40,-2.0,2.0,563,0
40,-1.5,0.0,0,0
40,-1.5,0.2,0,0
40,-1.5,0.4,0,0
40,-1.5,0.6,1,0
40,-1.5,0.8,26,0
40,-1.5,1.0,85,0
40,-1.5,1.2,180,0
40,-1.5,1.4,350,0
40,-1.5,1.6,549,0
40,-1.5,1.8,700,0
40,-1.5,2.0,902,0
40,-1.0,0.0,0,0
40,-1.0,0.2,0,0
40,-1.0,0.4,0,0
40,-1.0,0.6,19,0
40,-1.0,0.8,131,0
40,-1.0,1.0,228,0
40,-1.0,1.2,447,0
40,-1.0,1.4,710,0
40,-1.0,1.6,866,0
40,-1.0,1.8,1130,0
40,-1.0,2.0,1377,0
40,-0.5,0.0,0,0
40,-0.5,0.2,0,0
40,-0.5,0.4,31,0
40,-0.5,0.6,168,0
40,-0.5,0.8,442,0
40,-0.5,1.0,622,0
40,-0.5,1.2,837,0
40,-0.5,1.4,1158,0
40,-0.5,1.6,1425,0
40,-0.5,1.8,1725,0
40,-0.5,2.0,1997,0
40,0.0,0.0,0,0
40,0.0,0.2,18,0
40,0.0,0.4,380,0
40,0.0,0.6,706,0
40,0.0,0.8,1009,0
40,0.0,1.0,1488,0
40,0.0,1.2,1629,0
40,0.0,1.4,1982,0
40,0.0,1.6,2293,0
40,0.0,1.8,2494,13
40,0.0,2.0,2786,0
40,0.5,0.0,0,0
40,0.5,0.2,1827,0
40,0.5,0.4,1860,0
40,0.5,0.6,1923,0
40,0.5,0.8,2280,0
40,0.5,1.0,2431,0
40,0.5,1.2,2735,0
40,0.5,1.4,3007,0
40,0.5,1.6,3231,0
40,0.5,1.8,3448,0
40,0.5,2.0,3826,0
40,1.0,0.0,3600,0
40,1.0,0.2,3598,0
40,1.0,0.4,3596,0
40,1.0,0.6,3631,0
40,1.0,0.8,3730,0
40,1.0,1.0,3872,0
40,1.0,1.2,4030,0
40,1.0,1.4,4267,0
40,1.0,1.6,4494,0
40,1.0,1.8,4817,0
40,1.0,2.0,4986,0
40,1.5,0.0,7200,0
40,1.5,0.2,5384,0
40,1.5,0.4,5411,0
40,1.5,0.6,5401,0
40,1.5,0.8,5371,0
40,1.5,1.0,5481,0
40,1.5,1.2,5698,0
40,1.5,1.4,5702,0
40,1.5,1.6,5954,0
40,1.5,1.8,6030,0
40,1.5,2.0,6035,0
40,2.0,0.0,7200,0
40,2.0,0.2,7199,0
40,2.0,0.4,7182,0
40,2.0,0.6,7164,0
40,2.0,0.8,7138,0
40,2.0,1.0,7212,0
40,2.0,1.2,7439,0
40,2.0,1.4,7348,0
40,2.0,1.6,7411,0
40,2.0,1.8,7673,0
40,2.0,2.0,7696,0
40,2.5,0.0,7200,0
40,2.5,0.2,9030,0
40,2.5,0.4,9006,0
40,2.5,0.6,8946,0
40,2.5,0.8,8973,0
40,2.5,1.0,8990,0
40,2.5,1.2,8961,0
40,2.5,1.4,8924,0
40,2.5,1.6,9093,0
40,2.5,1.8,9162,0
40,2.5,2.0,9414,0
40,3.0,0.0,10800,18
40,3.0,0.2,10796,11
40,3.0,0.4,10787,0
40,3.0,0.6,10775,0
40,3.0,0.8,10730,0
40,3.0,1.0,10907,0
40,3.0,1.2,10855,0
40,3.0,1.4,10764,0
40,3.0,1.6,10757,0
40,3.0,1.8,11047,0
40,3.0,2.0,11073,0
50,-3.0,0.0,0,0
50,-3.0,0.2,0,0
50,-3.0,0.4,0,0
50,-3.0,0.6,0,0
50,-3.0,0.8,1,0
50,-3.0,1.0,0,0
50,-3.0,1.2,11,0
50,-3.0,1.4,26,0
50,-3.0,1.6,54,0
50,-3.0,1.8,112,0
50,-3.0,2.0,216,0
50,-2.5,0.0,0,0
50,-2.5,0.2,0,0
50,-2.5,0.4,0,0
50,-2.5,0.6,0,0
50,-2.5,0.8,0,0
50,-2.5,1.0,4,0
50,-2.5,1.2,27,0
50,-2.5,1.4,57,0
50,-2.5,1.6,139,0
50,-2.5,1.8,242,0
50,-2.5,2.0,328,0
50,-2.0,0.0,0,0
50,-2.0,0.2,0,0
50,-2.0,0.4,0,0
50,-2.0,0.6,0,0
50,-2.0,0.8,3,0
50,-2.0,1.0,26,0
50,-2.0,1.2,74,0
50,-2.0,1.4,159,0
50,-2.0,1.6,277,0
50,-2.0,1.8,429,0
50,-2.0,2.0,637,0
50,-1.5,0.0,0,0
50,-1.5,0.2,0,0
50,-1.5,0.4,0,0
50,-1.5,0.6,1,0
50,-1.5,0.8,21,0
50,-1.5,1.0,88,0
50,-1.5,1.2,204,0
50,-1.5,1.4,312,0
50,-1.5,1.6,524,0
50,-1.5,1.8,650,0
50,-1.5,2.0,961,0
50,-1.0,0.0,0,0
50,-1.0,0.2,0,0
50,-1.0,0.4,0,0
50,-1.0,0.6,25,0
50,-1.0,0.8,116,0
50,-1.0,1.0,258,0
50,-1.0,1.2,378,0
50,-1.0,1.4,690,0
50,-1.0,1.6,877,0
50,-1.0,1.8,1156,0
50,-1.0,2.0,1381,0
50,-0.5,0.0,0,0
50,-0.5,0.2,0,0
50,-0.5,0.4,29,0
50,-0.5,0.6,177,0
50,-0.5,0.8,433,0
50,-0.5,1.0,646,0
50,-0.5,1.2,936,0
50,-0.5,1.4,1165,4
50,-0.5,1.6,1508,9
50,-0.5,1.8,1702,0
50,-0.5,2.0,2102,0
50,0.0,0.0,0,0
50,0.0,0.2,20,0
50,0.0,0.4,390,0
50,0.0,0.6,709,0
50,0.0,0.8,1074,0
50,0.0,1.0,1299,7
50,0.0,1.2,1651,0
50,0.0,1.4,1950,31
50,0.0,1.6,2316,0
50,0.0,1.8,2583,14
50,0.0,2.0,2841,27
50,0.5,0.0,0,0
50,0.5,0.2,1781,0
50,0.5,0.4,1829,0
50,0.5,0.6,1919,0
50,0.5,0.8,2257,0
50,0.5,1.0,2450,18
50,0.5,1.2,2692,0
50,0.5,1.4,3010,0
50,0.5,1.6,3233,2
50,0.5,1.8,3637,0
50,0.5,2.0,3887,0
50,1.0,0.0,3600,0
50,1.0,0.2,3609,0
50,1.0,0.4,3608,0
50,1.0,0.6,3699,0
50,1.0,0.8,3716,0
50,1.0,1.0,3775,1
50,1.0,1.2,4107,0
50,1.0,1.4,4310,0
50,1.0,1.6,4556,0
50,1.0,1.8,4701,0
50,1.0,2.0,4915,0
50,1.5,0.0,7200,0
50,1.5,0.2,5392,0
50,1.5,0.4,5465,0
50,1.5,0.6,5343,0
50,1.5,0.8,5368,0
50,1.5,1.0,5494,0
50,1.5,1.2,5507,0
50,1.5,1.4,5715,0
50,1.5,1.6,6059,0
50,1.5,1.8,6227,0
50,1.5,2.0,6383,0
50,2.0,0.0,7200,0
50,2.0,0.2,7194,0
50,2.0,0.4,7247,0
50,2.0,0.6,7121,0
50,2.0,0.8,7107,0
50,2.0,1.0,7359,0
50,2.0,1.2,7172,0
50,2.0,1.4,7335,0
50,2.0,1.6,7557,0
50,2.0,1.8,7464,0
50,2.0,2.0,7965,0
50,2.5,0.0,7200,0
50,2.5,0.2,9004,0
50,2.5,0.4,9005,0
50,2.5,0.6,9067,0
50,2.5,0.8,8981,0
50,2.5,1.0,9079,0
50,2.5,1.2,9097,0
50,2.5,1.4,9082,0
50,2.5,1.6,9063,0
50,2.5,1.8,9283,0
50,2.5,2.0,9499,0
50,3.0,0.0,10800,60
50,3.0,0.2,10804,40
50,3.0,0.4,10827,0
50,3.0,0.6,10832,0
50,3.0,0.8,10857,0
50,3.0,1.0,10799,0
50,3.0,1.2,10684,0
50,3.0,1.4,10782,0
50,3.0,1.6,10828,0
50,3.0,1.8,10935,0
50,3.0,2.0,10875,0
60,-3.0,0.0,0,0
60,-3.0,0.2,0,0
60,-3.0,0.4,0,0
60,-3.0,0.6,0,0
60,-3.0,0.8,0,0
60,-3.0,1.0,2,0
60,-3.0,1.2,6,0
60,-3.0,1.4,18,0
60,-3.0,1.6,66,0
60,-3.0,1.8,109,0
60,-3.0,2.0,213,0
60,-2.5,0.0,0,0
60,-2.5,0.2,0,0
60,-2.5,0.4,0,0
60,-2.5,0.6,0,0
60,-2.5,0.8,0,0
60,-2.5,1.0,2,0
60,-2.5,1.2,23,0
60,-2.5,1.4,69,0
60,-2.5,1.6,128,0
60,-2.5,1.8,234,0
60,-2.5,2.0,366,0
60,-2.0,0.0,0,0
60,-2.0,0.2,0,0
60,-2.0,0.4,0,0
60,-2.0,0.6,0,0
60,-2.0,0.8,2,0
60,-2.0,1.0,18,0
60,-2.0,1.2,68,0
60,-2.0,1.4,153,0
60,-2.0,1.6,312,0
60,-2.0,1.8,454,0
60,-2.0,2.0,605,0
60,-1.5,0.0,0,0
60,-1.5,0.2,0,0
60,-1.5,0.4,0,0
60,-1.5,0.6,2,0
60,-1.5,0.8,26,0
60,-1.5,1.0,72,0
60,-1.5,1.2,197,0
60,-1.5,1.4,355,0
60,-1.5,1.6,536,0
60,-1.5,1.8,728,0
60,-1.5,2.0,904,0
60,-1.0,0.0,0,0
60,-1.0,0.2,0,0
60,-1.0,0.4,1,0
60,-1.0,0.6,26,0
60,-1.0,0.8,106,0
60,-1.0,1.0,291,0
60,-1.0,1.2,512,0
60,-1.0,1.4,619,0
60,-1.0,1.6,906,9
60,-1.0,1.8,1074,1
60,-1.0,2.0,1396,39
60,-0.5,0.0,0,0
60,-0.5,0.2,0,0
60,-0.5,0.4,23,0
60,-0.5,0.6,169,0
60,-0.5,0.8,438,0
60,-0.5,1.0,683,0
60,-0.5,1.2,880,0
60,-0.5,1.4,1274,0
60,-0.5,1.6,1565,0
60,-0.5,1.8,1714,28
60,-0.5,2.0,2016,25
60,0.0,0.0,0,0
60,0.0,0.2,20,0
60,0.0,0.4,392,0
60,0.0,0.6,782,0
60,0.0,0.8,1057,0
60,0.0,1.0,1381,0
60,0.0,1.2,1724,4
60,0.0,1.4,1981,5
60,0.0,1.6,2200,27
60,0.0,1.8,2469,26
60,0.0,2.0,2865,15
60,0.5,0.0,0,0
60,0.5,0.2,1772,0
60,0.5,0.4,1808,0
60,0.5,0.6,1943,4
60,0.5,0.8,2218,0
60,0.5,1.0,2497,44
60,0.5,1.2,2757,0
60,0.5,1.4,3014,30
60,0.5,1.6,3319,6
60,0.5,1.8,3521,2
60,0.5,2.0,3869,28
60,1.0,0.0,3600,0
60,1.0,0.2,3597,0
60,1.0,0.4,3557,0
60,1.0,0.6,3599,0
60,1.0,0.8,3669,33
60,1.0,1.0,3957,2
60,1.0,1.2,4067,12
60,1.0,1.4,4174,0
60,1.0,1.6,4466,6
60,1.0,1.8,4654,48
60,1.0,2.0,4886,0
60,1.5,0.0,7200,0
60,1.5,0.2,5431,0
60,1.5,0.4,5422,0
60,1.5,0.6,5385,0
60,1.5,0.8,5442,0
60,1.5,1.0,5484,0
60,1.5,1.2,5666,0
60,1.5,1.4,5808,1
60,1.5,1.6,6015,0
60,1.5,1.8,6091,0
60,1.5,2.0,6207,1
60,2.0,0.0,7200,0
60,2.0,0.2,7209,0
60,2.0,0.4,7171,0
60,2.0,0.6,7134,0
60,2.0,0.8,7240,0
60,2.0,1.0,7278,0
60,2.0,1.2,7345,0
60,2.0,1.4,7221,9
60,2.0,1.6,7433,0
60,2.0,1.8,7562,0
60,2.0,2.0,7773,4
60,2.5,0.0,7200,0
60,2.5,0.2,9026,8
60,2.5,0.4,8978,0
60,2.5,0.6,9029,0
60,2.5,0.8,8940,0
60,2.5,1.0,8998,0
60,2.5,1.2,8956,0
60,2.5,1.4,8993,0
60,2.5,1.6,9203,0
60,2.5,1.8,9421,0
60,2.5,2.0,9202,6
60,3.0,0.0,10800,180
60,3.0,0.2,10795,136
60,3.0,0.4,10799,19
60,3.0,0.6,10792,6
60,3.0,0.8,10801,20
60,3.0,1.0,10848,4
60,3.0,1.2,10892,1
60,3.0,1.4,10847,26
60,3.0,1.6,10851,7
60,3.0,1.8,10942,7
60,3.0,2.0,11211,4
70,-3.0,0.0,0,0
70,-3.0,0.2,0,0
70,-3.0,0.4,0,0
70,-3.0,0.6,0,0
70,-3.0,0.8,0,0
70,-3.0,1.0,1,0
70,-3.0,1.2,5,0
70,-3.0,1.4,24,0
70,-3.0,1.6,58,0
70,-3.0,1.8,123,0
70,-3.0,2.0,193,0
70,-2.5,0.0,0,0
70,-2.5,0.2,0,0
70,-2.5,0.4,0,0
70,-2.5,0.6,0,0
70,-2.5,0.8,0,0
70,-2.5,1.0,4,0
70,-2.5,1.2,17,0
70,-2.5,1.4,59,0
70,-2.5,1.6,137,0
70,-2.5,1.8,224,0
70,-2.5,2.0,347,1
70,-2.0,0.0,0,0
70,-2.0,0.2,0,0
70,-2.0,0.4,0,0
70,-2.0,0.6,0,0
70,-2.0,0.8,1,0
70,-2.0,1.0,25,0
70,-2.0,1.2,70,0
70,-2.0,1.4,175,0
70,-2.0,1.6,294,0
70,-2.0,1.8,402,0
70,-2.0,2.0,560,0
70,-1.5,0.0,0,0
70,-1.5,0.2,0,0
70,-1.5,0.4,0,0
70,-1.5,0.6,1,0
70,-1.5,0.8,24,0
70,-1.5,1.0,89,0
70,-1.5,1.2,205,0
70,-1.5,1.4,319,1
70,-1.5,1.6,518,0
70,-1.5,1.8,677,8
70,-1.5,2.0,903,4
70,-1.0,0.0,0,0
70,-1.0,0.2,0,0
70,-1.0,0.4,1,0
70,-1.0,0.6,27,0
70,-1.0,0.8,106,0
70,-1.0,1.0,286,0
70,-1.0,1.2,439,0
70,-1.0,1.4,673,0
70,-1.0,1.6,867,0
70,-1.0,1.8,1180,12
70,-1.0,2.0,1325,65
70,-0.5,0.0,0,0
70,-0.5,0.2,0,0
70,-0.5,0.4,17,0
70,-0.5,0.6,173,0
70,-0.5,0.8,372,0
70,-0.5,1.0,680,0
70,-0.5,1.2,904,0
70,-0.5,1.4,1167,0
70,-0.5,1.6,1374,17
70,-0.5,1.8,1740,36
70,-0.5,2.0,2089,46
70,0.0,0.0,0,0
70,0.0,0.2,27,0
70,0.0,0.4,392,0
70,0.0,0.6,724,0
70,0.0,0.8,1132,4
70,0.0,1.0,1302,0
70,0.0,1.2,1700,16
70,0.0,1.4,2129,16
70,0.0,1.6,2227,22
70,0.0,1.8,2600,66
70,0.0,2.0,2794,53
70,0.5,0.0,0,0
70,0.5,0.2,1798,2
70,0.5,0.4,1835,0
70,0.5,0.6,1949,2
70,0.5,0.8,2231,0
70,0.5,1.0,2398,23
70,0.5,1.2,2706,14
70,0.5,1.4,3041,16
70,0.5,1.6,3290,77
70,0.5,1.8,3466,29
70,0.5,2.0,3818,20
70,1.0,0.0,3600,0
70,1.0,0.2,3604,0
70,1.0,0.4,3600,0
70,1.0,0.6,3634,15
70,1.0,0.8,3761,36
70,1.0,1.0,3774,24
70,1.0,1.2,4021,36
70,1.0,1.4,4287,52
70,1.0,1.6,4493,44
70,1.0,1.8,4727,106
70,1.0,2.0,5068,22
70,1.5,0.0,7200,0
70,1.5,0.2,5419,0
70,1.5,0.4,5399,0
70,1.5,0.6,5405,3
70,1.5,0.8,5363,3
70,1.5,1.0,5413,24
70,1.5,1.2,5459,94
70,1.5,1.4,5726,3
70,1.5,1.6,6102,3
70,1.5,1.8,6089,76
70,1.5,2.0,6509,65
70,2.0,0.0,7200,0
70,2.0,0.2,7205,0
70,2.0,0.4,7193,0
70,2.0,0.6,7137,2
70,2.0,0.8,7210,6
70,2.0,1.0,7410,6
70,2.0,1.2,7211,3
70,2.0,1.4,7483,15
70,2.0,1.6,7445,29
70,2.0,1.8,7577,8
70,2.0,2.0,7774,55
70,2.5,0.0,7200,0
70,2.5,0.2,9025,22
70,2.5,0.4,9035,25
70,2.5,0.6,8959,27
70,2.5,0.8,9070,27
70,2.5,1.0,9130,31
70,2.5,1.2,9115,12
70,2.5,1.4,8959,58
70,2.5,1.6,9166,26
70,2.5,1.8,9264,37
70,2.5,2.0,9251,34
70,3.0,0.0,10800,329
70,3.0,0.2,10791,256
70,3.0,0.4,10761,117
70,3.0,0.6,10829,82
70,3.0,0.8,10779,84
70,3.0,1.0,10860,86
70,3.0,1.2,10817,66
70,3.0,1.4,10815,31
70,3.0,1.6,10919,66
70,3.0,1.8,10810,59
70,3.0,2.0,11008,52
80,-3.0,0.0,0,0
80,-3.0,0.2,0,0
80,-3.0,0.4,0,0
80,-3.0,0.6,0,0
80,-3.0,0.8,0,0
80,-3.0,1.0,1,0
80,-3.0,1.2,7,0
80,-3.0,1.4,27,0
80,-3.0,1.6,67,0
80,-3.0,1.8,123,0
80,-3.0,2.0,201,2
80,-2.5,0.0,0,0
80,-2.5,0.2,0,0
80,-2.5,0.4,0,0
80,-2.5,0.6,0,0
80,-2.5,0.8,0,0
80,-2.5,1.0,7,0
80,-2.5,1.2,18,0
80,-2.5,1.4,60,0
80,-2.5,1.6,150,0
80,-2.5,1.8,240,11
80,-2.5,2.0,321,0
80,-2.0,0.0,0,0
80,-2.0,0.2,0,0
80,-2.0,0.4,0,0
80,-2.0,0.6,0,0
80,-2.0,0.8,3,0
80,-2.0,1.0,21,0
80,-2.0,1.2,85,0
80,-2.0,1.4,167,0
80,-2.0,1.6,237,2
80,-2.0,1.8,379,0
80,-2.0,2.0,606,6
80,-1.5,0.0,0,0
80,-1.5,0.2,0,0
80,-1.5,0.4,0,0
80,-1.5,0.6,2,0
80,-1.5,0.8,23,0
80,-1.5,1.0,90,0
80,-1.5,1.2,224,0
80,-1.5,1.4,311,0
80,-1.5,1.6,490,5
80,-1.5,1.8,741,14
80,-1.5,2.0,929,10
80,-1.0,0.0,0,0
80,-1.0,0.2,0,0
80,-1.0,0.4,0,0
80,-1.0,0.6,25,0
80,-1.0,0.8,111,0
80,-1.0,1.0,240,0
80,-1.0,1.2,403,5
80,-1.0,1.4,642,18
80,-1.0,1.6,929,33
80,-1.0,1.8,1104,15
80,-1.0,2.0,1481,17
80,-0.5,0.0,0,0
80,-0.5,0.2,0,0
80,-0.5,0.4,25,0
80,-0.5,0.6,170,0
80,-0.5,0.8,395,0
80,-0.5,1.0,616,2
80,-0.5,1.2,948,21
80,-0.5,1.4,1302,20
80,-0.5,1.6,1459,142
80,-0.5,1.8,1716,44
80,-0.5,2.0,2013,82
80,0.0,0.0,0,0
80,0.0,0.2,21,0
80,0.0,0.4,385,3
80,0.0,0.6,786,2
80,0.0,0.8,1162,10
80,0.0,1.0,1363,35
80,0.0,1.2,1590,45
80,0.0,1.4,1920,74
80,0.0,1.6,2275,108
80,0.0,1.8,2555,80
80,0.0,2.0,2819,185
80,0.5,0.0,0,0
80,0.5,0.2,1820,7
80,0.5,0.4,1863,0
80,0.5,0.6,1976,6
80,0.5,0.8,2168,25
80,0.5,1.0,2511,45
80,0.5,1.2,2758,43
80,0.5,1.4,2927,138
80,0.5,1.6,3252,42
80,0.5,1.8,3526,199
80,0.5,2.0,3754,166
80,1.0,0.0,3600,0
80,1.0,0.2,3608,0
80,1.0,0.4,3617,0
80,1.0,0.6,3644,33
80,1.0,0.8,3709,36
80,1.0,1.0,3847,41
80,1.0,1.2,4051,94
80,1.0,1.4,4217,113
80,1.0,1.6,4461,218
80,1.0,1.8,4739,155
80,1.0,2.0,5003,430
80,1.5,0.0,7200,0
80,1.5,0.2,5395,10
80,1.5,0.4,5437,9
80,1.5,0.6,5459,3
80,1.5,0.8,5455,57
80,1.5,1.0,5578,96
80,1.5,1.2,5613,91
80,1.5,1.4,5762,123
80,1.5,1.6,5979,139
80,1.5,1.8,6266,207
80,1.5,2.0,6291,181
80,2.0,0.0,7200,0
80,2.0,0.2,7201,0
80,2.0,0.4,7187,17
80,2.0,0.6,7262,10
80,2.0,0.8,7076,60
80,2.0,1.0,7295,85
80,2.0,1.2,7191,44
80,2.0,1.4,7308,235
80,2.0,1.6,7459,218
80,2.0,1.8,7537,86
80,2.0,2.0,7716,215
80,2.5,0.0,7200,0
80,2.5,0.2,9028,126
80,2.5,0.4,9012,93
80,2.5,0.6,8991,120
80,2.5,0.8,8945,117
80,2.5,1.0,9015,118
80,2.5,1.2,9089,146
80,2.5,1.4,9084,126
80,2.5,1.6,9019,166
80,2.5,1.8,9254,230
80,2.5,2.0,9322,260
80,3.0,0.0,10800,386
80,3.0,0.2,10791,374
80,3.0,0.4,10797,257
80,3.0,0.6,10778,216
80,3.0,0.8,10671,263
80,3.0,1.0,10833,239
80,3.0,1.2,10882,262
80,3.0,1.4,10674,285
80,3.0,1.6,10890,260
80,3.0,1.8,10960,253
80,3.0,2.0,10981,311
90,-3.0,0.0,0,0
90,-3.0,0.2,0,0
90,-3.0,0.4,0,0
90,-3.0,0.6,0,0
90,-3.0,0.8,0,0
90,-3.0,1.0,1,0
90,-3.0,1.2,4,0
90,-3.0,1.4,19,0
90,-3.0,1.6,51,0
90,-3.0,1.8,105,0
90,-3.0,2.0,172,5
90,-2.5,0.0,0,0
90,-2.5,0.2,0,0
90,-2.5,0.4,0,0
90,-2.5,0.6,0,0
90,-2.5,0.8,0,0
90,-2.5,1.0,5,0
90,-2.5,1.2,30,0
90,-2.5,1.4,52,0
90,-2.5,1.6,137,8
90,-2.5,1.8,222,1
90,-2.5,2.0,338,23
90,-2.0,0.0,0,0
90,-2.0,0.2,0,0
90,-2.0,0.4,0,0
90,-2.0,0.6,0,0
90,-2.0,0.8,4,0
90,-2.0,1.0,32,0
90,-2.0,1.2,66,0
90,-2.0,1.4,150,1
90,-2.0,1.6,245,3
90,-2.0,1.8,377,24
90,-2.0,2.0,533,20
90,-1.5,0.0,0,0
90,-1.5,0.2,0,0
90,-1.5,0.4,0,0
90,-1.5,0.6,1,0
90,-1.5,0.8,23,0
90,-1.5,1.0,74,0
90,-1.5,1.2,200,0
90,-1.5,1.4,367,14
90,-1.5,1.6,510,12
90,-1.5,1.8,675,41
90,-1.5,2.0,977,94
90,-1.0,0.0,0,0
90,-1.0,0.2,0,0
90,-1.0,0.4,0,0
90,-1.0,0.6,27,0
90,-1.0,0.8,114,0
90,-1.0,1.0,255,0
90,-1.0,1.2,453,51
90,-1.0,1.4,709,34
90,-1.0,1.6,873,29
90,-1.0,1.8,1120,111
90,-1.0,2.0,1422,92
90,-0.5,0.0,0,0
90,-0.5,0.2,0,0
90,-0.5,0.4,18,0
90,-0.5,0.6,174,1
90,-0.5,0.8,423,7
90,-0.5,1.0,637,7
90,-0.5,1.2,976,59
90,-0.5,1.4,1159,71
90,-0.5,1.6,1567,142
90,-0.5,1.8,1745,178
90,-0.5,2.0,2116,318
90,0.0,0.0,0,0
90,0.0,0.2,23,0
90,0.0,0.4,379,9
90,0.0,0.6,768,29
90,0.0,0.8,1057,24
90,0.0,1.0,1350,106
90,0.0,1.2,1671,232
90,0.0,1.4,1983,257
90,0.0,1.6,2365,212
90,0.0,1.8,2431,242
90,0.0,2.0,2859,204
90,0.5,0.0,0,0
90,0.5,0.2,1806,23
90,0.5,0.4,1818,45
90,0.5,0.6,1978,51
90,0.5,0.8,2195,106
90,0.5,1.0,2498,125
90,0.5,1.2,2655,145
90,0.5,1.4,3029,269
90,0.5,1.6,3419,280
90,0.5,1.8,3451,415
90,0.5,2.0,3747,359
90,1.0,0.0,3600,0
90,1.0,0.2,3612,0
90,1.0,0.4,3628,27
90,1.0,0.6,3617,48
90,1.0,0.8,3766,56
90,1.0,1.0,3930,235
90,1.0,1.2,4050,325
90,1.0,1.4,4343,428
90,1.0,1.6,4519,365
90,1.0,1.8,4770,408
90,1.0,2.0,4867,398
90,1.5,0.0,7200,0
90,1.5,0.2,5447,68
90,1.5,0.4,5403,21
90,1.5,0.6,5430,146
90,1.5,0.8,5449,230
90,1.5,1.0,5479,296
90,1.5,1.2,5569,223
90,1.5,1.4,5737,377
90,1.5,1.6,5899,558
90,1.5,1.8,6095,661
90,1.5,2.0,6203,619
90,2.0,0.0,7200,0
90,2.0,0.2,7200,2
90,2.0,0.4,7217,44
90,2.0,0.6,7172,128
90,2.0,0.8,7173,152
90,2.0,1.0,7341,254
90,2.0,1.2,7301,506
90,2.0,1.4,7406,667
90,2.0,1.6,7282,830
90,2.0,1.8,7574,653
90,2.0,2.0,7754,1065
90,2.5,0.0,7200,0
90,2.5,0.2,8978,291
90,2.5,0.4,8966,350
90,2.5,0.6,8980,250
90,2.5,0.8,9038,427
90,2.5,1.0,9063,422
90,2.5,1.2,9074,461
90,2.5,1.4,9221,681
90,2.5,1.6,9109,703
90,2.5,1.8,9097,806
90,2.5,2.0,9460,930
90,3.0,0.0,10800,455
90,3.0,0.2,10800,472
90,3.0,0.4,10818,507
90,3.0,0.6,10840,508
90,3.0,0.8,10743,482
90,3.0,1.0,10801,592
90,3.0,1.2,10808,508
90,3.0,1.4,10900,654
90,3.0,1.6,10980,760
90,3.0,1.8,10756,768
90,3.0,2.0,11067,818
100,-3.0,0.0,0,0
100,-3.0,0.2,0,0
100,-3.0,0.4,0,0
100,-3.0,0.6,0,0
100,-3.0,0.8,0,0
100,-3.0,1.0,1,1
100,-3.0,1.2,2,1
100,-3.0,1.4,31,29
100,-3.0,1.6,64,57
100,-3.0,1.8,121,117
100,-3.0,2.0,238,223
100,-2.5,0.0,0,0
100,-2.5,0.2,0,0
100,-2.5,0.4,0,0
100,-2.5,0.6,0,0
100,-2.5,0.8,0,0
100,-2.5,1.0,6,5
100,-2.5,1.2,19,17
100,-2.5,1.4,94,90
100,-2.5,1.6,117,107
100,-2.5,1.8,234,222
100,-2.5,2.0,372,350
100,-2.0,0.0,0,0
100,-2.0,0.2,0,0
100,-2.0,0.4,0,0
100,-2.0,0.6,0,0
100,-2.0,0.8,2,2
100,-2.0,1.0,19,19
100,-2.0,1.2,74,73
100,-2.0,1.4,154,149
100,-2.0,1.6,279,269
100,-2.0,1.8,419,403
100,-2.0,2.0,522,501
100,-1.5,0.0,0,0
100,-1.5,0.2,0,0
100,-1.5,0.4,0,0
100,-1.5,0.6,1,1
100,-1.5,0.8,21,18
100,-1.5,1.0,86,82
100,-1.5,1.2,195,187
100,-1.5,1.4,314,294
100,-1.5,1.6,511,493
100,-1.5,1.8,763,733
100,-1.5,2.0,893,855
100,-1.0,0.0,0,0
100,-1.0,0.2,0,0
100,-1.0,0.4,0,0
100,-1.0,0.6,27,24
100,-1.0,0.8,111,109
100,-1.0,1.0,265,254
100,-1.0,1.2,489,473
100,-1.0,1.4,685,646
100,-1.0,1.6,895,857
100,-1.0,1.8,1177,1133
100,-1.0,2.0,1418,1377
100,-0.5,0.0,0,0
100,-0.5,0.2,0,0
100,-0.5,0.4,21,21
100,-0.5,0.6,192,185
100,-0.5,0.8,375,364
100,-0.5,1.0,641,610
100,-0.5,1.2,870,843
100,-0.5,1.4,1233,1170
100,-0.5,1.6,1435,1374
100,-0.5,1.8,1819,1752
100,-0.5,2.0,2102,2045
100,0.0,0.0,0,0
100,0.0,0.2,21,21
100,0.0,0.4,372,357
100,0.0,0.6,720,685
100,0.0,0.8,1061,1026
100,0.0,1.0,1348,1289
100,0.0,1.2,1675,1613
100,0.0,1.4,2025,1952
100,0.0,1.6,2145,2056
100,0.0,1.8,2540,2442
100,0.0,2.0,2813,2702
100,0.5,0.0,0,0
100,0.5,0.2,1786,1712
100,0.5,0.4,1843,1769
100,0.5,0.6,1953,1862
100,0.5,0.8,2248,2147
100,0.5,1.0,2371,2263
100,0.5,1.2,2845,2712
100,0.5,1.4,3002,2865
100,0.5,1.6,3315,3173
100,0.5,1.8,3605,3462
100,0.5,2.0,3968,3845
100,1.0,0.0,3600,3458
100,1.0,0.2,3596,3455
100,1.0,0.4,3596,3461
100,1.0,0.6,3610,3450
100,1.0,0.8,3682,3539
100,1.0,1.0,3841,3677
100,1.0,1.2,4114,3933
100,1.0,1.4,4346,4182
100,1.0,1.6,4445,4262
100,1.0,1.8,4784,4569
100,1.0,2.0,4769,4574
100,1.5,0.0,7200,6916
100,1.5,0.2,5398,5191
100,1.5,0.4,5398,5184
100,1.5,0.6,5421,5217
100,1.5,0.8,5413,5208
100,1.5,1.0,5548,5314
100,1.5,1.2,5608,5387
100,1.5,1.4,5683,5453
100,1.5,1.6,6005,5789
100,1.5,1.8,5829,5588
100,1.5,2.0,6478,6252
100,2.0,0.0,7200,6916
100,2.0,0.2,7197,6914
100,2.0,0.4,7207,6919
100,2.0,0.6,7147,6861
100,2.0,0.8,7207,6902
100,2.0,1.0,7287,7005
100,2.0,1.2,7417,7124
100,2.0,1.4,7495,7185
100,2.0,1.6,7354,7072
100,2.0,1.8,7769,7431
100,2.0,2.0,7752,7453
100,2.5,0.0,7200,6916
100,2.5,0.2,9018,8671
100,2.5,0.4,8992,8630
100,2.5,0.6,9017,8655
100,2.5,0.8,8979,8611
100,2.5,1.0,9049,8681
100,2.5,1.2,9052,8670
100,2.5,1.4,9077,8715
100,2.5,1.6,9146,8742
100,2.5,1.8,9281,8901
100,2.5,2.0,9294,8936
100,3.0,0.0,10800,10374
100,3.0,0.2,10793,10367
100,3.0,0.4,10792,10365
100,3.0,0.6,10796,10366
100,3.0,0.8,10941,10521
100,3.0,1.0,10952,10501
100,3.0,1.2,10813,10386
100,3.0,1.4,10822,10369
100,3.0,1.6,10684,10289
100,3.0,1.8,10974,10517
100,3.0,2.0,11172,10716
